CodigoNacional;momento,dd_Valor,ff_Valor,VRB_Valor
330020;01-01-2024 00:00:00;180.0;3.0;0.0
330020;01-01-2024 01:00:00;189.0;2.0;0.0
330020;01-01-2024 02:00:00;186.0;3.0;0.0
330020;01-01-2024 03:00:00;170.0;1.0;0.0
330020;01-01-2024 04:00:00;164.0;1.0;0.0
330020;01-01-2024 05:00:00;217.0;1.0;0.0
330020;01-01-2024 06:00:00;210.0;1.0;0.0
330020;01-01-2024 07:00:00;156.0;1.0;0.0
330020;01-01-2024 08:00:00;168.0;1.0;0.0
330020;01-01-2024 09:00:00;140.0;1.0;0.0
330020;01-01-2024 10:00:00;0.0;0.0;0.0
330020;01-01-2024 11:00:00;270.0;1.0;0.0
330020;01-01-2024 12:00:00;240.0;1.0;0.0
330020;01-01-2024 13:00:00;0.0;0.0;0.0
330020;01-01-2024 14:00:00;0.0;0.0;0.0
330020;01-01-2024 15:00:00;0.0;0.0;0.0
330020;01-01-2024 16:00:00;0.0;0.0;0.0
330020;01-01-2024 17:00:00;220.0;4.0;0.0
330020;01-01-2024 18:00:00;220.0;3.0;0.0
330020;01-01-2024 19:00:00;220.0;5.0;0.0
330020;01-01-2024 20:00:00;0.0;0.0;0.0
330020;01-01-2024 21:00:00;220.0;6.0;0.0
330020;01-01-2024 22:00:00;230.0;5.0;0.0
330020;01-01-2024 23:00:00;0.0;0.0;0.0
330020;02-01-2024 00:00:00;190.0;4.0;0.0
330020;02-01-2024 01:00:00;182.0;4.0;0.0
330020;02-01-2024 02:00:00;164.0;2.0;0.0
330020;02-01-2024 03:00:00;0.0;0.0;0.0
330020;02-01-2024 04:00:00;174.0;1.0;0.0
330020;02-01-2024 05:00:00;0.0;0.0;0.0
330020;02-01-2024 06:00:00;0.0;0.0;0.0
330020;02-01-2024 07:00:00;0.0;0.0;0.0
330020;02-01-2024 08:00:00;0.0;0.0;0.0
330020;02-01-2024 09:00:00;0.0;0.0;0.0
330020;02-01-2024 10:00:00;0.0;0.0;0.0
330020;02-01-2024 11:00:00;0.0;0.0;0.0
330020;02-01-2024 12:00:00;0.0;0.0;0.0
330020;02-01-2024 13:00:00;298.0;2.0;0.0
330020;02-01-2024 14:00:00;86.0;1.0;0.0
330020;02-01-2024 15:00:00;267.0;4.0;0.0
330020;02-01-2024 16:00:00;213.0;2.0;0.0
330020;02-01-2024 17:00:00;244.0;1.0;0.0
330020;02-01-2024 18:00:00;221.0;3.0;0.0
330020;02-01-2024 19:00:00;231.0;4.0;0.0
330020;02-01-2024 20:00:00;236.0;6.0;0.0
330020;02-01-2024 21:00:00;214.0;4.0;0.0
330020;02-01-2024 22:00:00;225.0;7.0;0.0
330020;02-01-2024 23:00:00;262.0;3.0;0.0
330020;03-01-2024 00:00:00;171.0;4.0;0.0
330020;03-01-2024 01:00:00;165.0;3.0;0.0
330020;03-01-2024 02:00:00;172.0;3.0;0.0
330020;03-01-2024 03:00:00;154.0;2.0;0.0
330020;03-01-2024 04:00:00;182.0;1.0;0.0
330020;03-01-2024 05:00:00;0.0;0.0;0.0
330020;03-01-2024 06:00:00;0.0;0.0;0.0
330020;03-01-2024 07:00:00;0.0;0.0;0.0
330020;03-01-2024 08:00:00;0.0;0.0;0.0
330020;03-01-2024 09:00:00;0.0;0.0;0.0
330020;03-01-2024 10:00:00;0.0;0.0;0.0
330020;03-01-2024 11:00:00;281.0;1.0;0.0
330020;03-01-2024 12:00:00;250.0;1.0;0.0
330020;03-01-2024 13:00:00;240.0;2.0;0.0
330020;03-01-2024 14:00:00;230.0;2.0;0.0
330020;03-01-2024 15:00:00;200.0;3.0;0.0
330020;03-01-2024 16:00:00;230.0;5.0;0.0
330020;03-01-2024 17:00:00;210.0;5.0;0.0
330020;03-01-2024 18:00:00;200.0;5.0;0.0
330020;03-01-2024 19:00:00;200.0;5.0;0.0
330020;03-01-2024 20:00:00;200.0;5.0;0.0
330020;03-01-2024 21:00:00;200.0;3.0;0.0
330020;03-01-2024 22:00:00;200.0;6.0;0.0
330020;03-01-2024 23:00:00;210.0;5.0;0.0
330020;04-01-2024 00:00:00;200.0;4.0;0.0
330020;04-01-2024 01:00:00;172.0;3.0;0.0
330020;04-01-2024 02:00:00;168.0;1.0;0.0
330020;04-01-2024 03:00:00;180.0;1.0;0.0
330020;04-01-2024 04:00:00;187.0;1.0;0.0
330020;04-01-2024 05:00:00;0.0;0.0;0.0
330020;04-01-2024 06:00:00;0.0;0.0;0.0
330020;04-01-2024 07:00:00;0.0;0.0;0.0
330020;04-01-2024 08:00:00;0.0;0.0;0.0
330020;04-01-2024 09:00:00;0.0;0.0;0.0
330020;04-01-2024 10:00:00;0.0;0.0;0.0
330020;04-01-2024 11:00:00;0.0;0.0;0.0
330020;04-01-2024 12:00:00;250.0;1.0;0.0
330020;04-01-2024 13:00:00;210.0;3.0;0.0
330020;04-01-2024 14:00:00;230.0;3.0;0.0
330020;04-01-2024 15:00:00;210.0;3.0;0.0
330020;04-01-2024 16:00:00;220.0;3.0;0.0
330020;04-01-2024 17:00:00;210.0;6.0;0.0
330020;04-01-2024 18:00:00;220.0;4.0;0.0
330020;04-01-2024 19:00:00;200.0;5.0;0.0
330020;04-01-2024 20:00:00;220.0;6.0;0.0
330020;04-01-2024 21:00:00;210.0;6.0;0.0
330020;04-01-2024 22:00:00;220.0;4.0;0.0
330020;04-01-2024 23:00:00;220.0;4.0;0.0
330020;05-01-2024 00:00:00;200.0;4.0;0.0
330020;05-01-2024 01:00:00;198.0;2.0;0.0
330020;05-01-2024 02:00:00;186.0;2.0;0.0
330020;05-01-2024 03:00:00;160.0;2.0;0.0
330020;05-01-2024 04:00:00;201.0;2.0;0.0
330020;05-01-2024 05:00:00;219.0;1.0;0.0
330020;05-01-2024 06:00:00;220.0;1.0;0.0
330020;05-01-2024 07:00:00;0.0;0.0;0.0
330020;05-01-2024 08:00:00;150.0;1.0;0.0
330020;05-01-2024 09:00:00;0.0;0.0;0.0
330020;05-01-2024 10:00:00;0.0;0.0;0.0
330020;05-01-2024 11:00:00;280.0;2.0;0.0
330020;05-01-2024 12:00:00;0.0;0.0;0.0
330020;05-01-2024 13:00:00;220.0;3.0;0.0
330020;05-01-2024 14:00:00;0.0;0.0;0.0
330020;05-01-2024 15:00:00;210.0;5.0;0.0
330020;05-01-2024 16:00:00;200.0;6.0;0.0
330020;05-01-2024 17:00:00;0.0;0.0;0.0
330020;05-01-2024 18:00:00;190.0;7.0;0.0
330020;05-01-2024 19:00:00;0.0;0.0;0.0
330020;05-01-2024 20:00:00;210.0;4.0;0.0
330020;05-01-2024 21:00:00;210.0;6.0;0.0
330020;05-01-2024 22:00:00;210.0;4.0;0.0
330020;05-01-2024 23:00:00;210.0;4.0;0.0
330020;06-01-2024 00:00:00;210.0;3.0;0.0
330020;06-01-2024 01:00:00;184.0;2.0;0.0
330020;06-01-2024 02:00:00;198.0;2.0;0.0
330020;06-01-2024 03:00:00;0.0;0.0;0.0
330020;06-01-2024 04:00:00;223.0;1.0;0.0
330020;06-01-2024 05:00:00;239.0;1.0;0.0
330020;06-01-2024 06:00:00;0.0;0.0;0.0
330020;06-01-2024 07:00:00;205.0;2.0;0.0
330020;06-01-2024 08:00:00;0.0;0.0;0.0
330020;06-01-2024 09:00:00;0.0;0.0;0.0
330020;06-01-2024 10:00:00;0.0;0.0;0.0
330020;06-01-2024 11:00:00;0.0;0.0;0.0
330020;06-01-2024 12:00:00;0.0;0.0;0.0
330020;06-01-2024 13:00:00;157.0;2.0;0.0
330020;06-01-2024 14:00:00;242.0;2.0;0.0
330020;06-01-2024 15:00:00;233.0;2.0;0.0
330020;06-01-2024 16:00:00;237.0;8.0;0.0
330020;06-01-2024 17:00:00;248.0;3.0;0.0
330020;06-01-2024 18:00:00;126.0;3.0;0.0
330020;06-01-2024 19:00:00;289.0;4.0;0.0
330020;06-01-2024 20:00:00;207.0;4.0;0.0
330020;06-01-2024 21:00:00;223.0;14.0;0.0
330020;06-01-2024 22:00:00;133.0;3.0;0.0
330020;06-01-2024 23:00:00;219.0;1.0;0.0
330020;07-01-2024 00:00:00;181.0;4.0;0.0
330020;07-01-2024 01:00:00;177.0;2.0;0.0
330020;07-01-2024 02:00:00;175.0;4.0;0.0
330020;07-01-2024 03:00:00;228.0;3.0;0.0
330020;07-01-2024 04:00:00;176.0;2.0;0.0
330020;07-01-2024 05:00:00;0.0;0.0;0.0
330020;07-01-2024 06:00:00;0.0;0.0;0.0
330020;07-01-2024 07:00:00;0.0;0.0;0.0
330020;07-01-2024 08:00:00;268.0;1.0;0.0
330020;07-01-2024 09:00:00;0.0;0.0;0.0
330020;07-01-2024 10:00:00;0.0;0.0;0.0
330020;07-01-2024 11:00:00;320.0;1.0;0.0
330020;07-01-2024 12:00:00;0.0;0.0;0.0
330020;07-01-2024 13:00:00;330.0;2.0;0.0
330020;07-01-2024 14:00:00;220.0;1.0;0.0
330020;07-01-2024 15:00:00;150.0;3.0;0.0
330020;07-01-2024 16:00:00;200.0;3.0;0.0
330020;07-01-2024 17:00:00;200.0;4.0;0.0
330020;07-01-2024 18:00:00;230.0;4.0;0.0
330020;07-01-2024 19:00:00;230.0;4.0;0.0
330020;07-01-2024 20:00:00;230.0;5.0;0.0
330020;07-01-2024 21:00:00;230.0;5.0;0.0
330020;07-01-2024 22:00:00;240.0;5.0;0.0
330020;07-01-2024 23:00:00;240.0;5.0;0.0
330020;08-01-2024 00:00:00;240.0;3.0;0.0
330020;08-01-2024 01:00:00;160.0;3.0;0.0
330020;08-01-2024 02:00:00;179.0;3.0;0.0
330020;08-01-2024 03:00:00;180.0;2.0;0.0
330020;08-01-2024 04:00:00;174.0;1.0;0.0
330020;08-01-2024 05:00:00;0.0;0.0;0.0
330020;08-01-2024 06:00:00;190.0;1.0;0.0
330020;08-01-2024 07:00:00;252.0;1.0;0.0
330020;08-01-2024 08:00:00;0.0;0.0;0.0
330020;08-01-2024 09:00:00;0.0;0.0;0.0
330020;08-01-2024 10:00:00;0.0;0.0;0.0
330020;08-01-2024 11:00:00;260.0;1.0;0.0
330020;08-01-2024 12:00:00;350.0;1.0;0.0
330020;08-01-2024 13:00:00;30.0;2.0;0.0
330020;08-01-2024 14:00:00;250.0;3.0;0.0
330020;08-01-2024 15:00:00;250.0;2.0;0.0
330020;08-01-2024 16:00:00;270.0;3.0;0.0
330020;08-01-2024 17:00:00;230.0;4.0;0.0
330020;08-01-2024 18:00:00;240.0;5.0;0.0
330020;08-01-2024 19:00:00;210.0;4.0;0.0
330020;08-01-2024 20:00:00;210.0;4.0;0.0
330020;08-01-2024 21:00:00;230.0;5.0;0.0
330020;08-01-2024 22:00:00;230.0;5.0;0.0
330020;08-01-2024 23:00:00;230.0;6.0;0.0
330020;09-01-2024 00:00:00;240.0;4.0;0.0
330020;09-01-2024 01:00:00;184.0;5.0;0.0
330020;09-01-2024 02:00:00;188.0;3.0;0.0
330020;09-01-2024 03:00:00;180.0;2.0;0.0
330020;09-01-2024 04:00:00;141.0;1.0;0.0
330020;09-01-2024 05:00:00;0.0;0.0;0.0
330020;09-01-2024 06:00:00;160.0;1.0;0.0
330020;09-01-2024 07:00:00;0.0;0.0;0.0
330020;09-01-2024 08:00:00;0.0;0.0;0.0
330020;09-01-2024 09:00:00;0.0;0.0;0.0
330020;09-01-2024 10:00:00;0.0;0.0;0.0
330020;09-01-2024 11:00:00;0.0;0.0;0.0
330020;09-01-2024 12:00:00;0.0;0.0;0.0
330020;09-01-2024 13:00:00;0.0;0.0;0.0
330020;09-01-2024 14:00:00;166.0;1.0;0.0
330020;09-01-2024 15:00:00;220.0;4.0;0.0
330020;09-01-2024 16:00:00;240.0;4.0;0.0
330020;09-01-2024 17:00:00;220.0;4.0;0.0
330020;09-01-2024 18:00:00;0.0;0.0;0.0
330020;09-01-2024 19:00:00;0.0;0.0;0.0
330020;09-01-2024 20:00:00;190.0;4.0;0.0
330020;09-01-2024 21:00:00;200.0;4.0;0.0
330020;09-01-2024 22:00:00;220.0;5.0;0.0
330020;09-01-2024 23:00:00;240.0;5.0;0.0
330020;10-01-2024 00:00:00;190.0;3.0;0.0
330020;10-01-2024 01:00:00;199.0;4.0;0.0
330020;10-01-2024 02:00:00;173.0;3.0;0.0
330020;10-01-2024 03:00:00;0.0;0.0;0.0
330020;10-01-2024 04:00:00;170.0;2.0;0.0
330020;10-01-2024 05:00:00;175.0;1.0;0.0
330020;10-01-2024 06:00:00;0.0;0.0;0.0
330020;10-01-2024 07:00:00;0.0;0.0;0.0
330020;10-01-2024 08:00:00;0.0;0.0;0.0
330020;10-01-2024 09:00:00;0.0;0.0;0.0
330020;10-01-2024 10:00:00;0.0;0.0;0.0
330020;10-01-2024 11:00:00;0.0;0.0;0.0
330020;10-01-2024 12:00:00;270.0;1.0;0.0
330020;10-01-2024 13:00:00;230.0;1.0;0.0
330020;10-01-2024 14:00:00;270.0;2.0;0.0
330020;10-01-2024 15:00:00;160.0;3.0;0.0
330020;10-01-2024 16:00:00;260.0;4.0;0.0
330020;10-01-2024 17:00:00;220.0;4.0;0.0
330020;10-01-2024 18:00:00;200.0;5.0;0.0
330020;10-01-2024 19:00:00;210.0;5.0;0.0
330020;10-01-2024 20:00:00;200.0;5.0;0.0
330020;10-01-2024 21:00:00;210.0;6.0;0.0
330020;10-01-2024 22:00:00;230.0;5.0;0.0
330020;10-01-2024 23:00:00;230.0;5.0;0.0
330020;11-01-2024 00:00:00;190.0;3.0;0.0
330020;11-01-2024 01:00:00;186.0;2.0;0.0
330020;11-01-2024 02:00:00;184.0;3.0;0.0
330020;11-01-2024 03:00:00;170.0;2.0;0.0
330020;11-01-2024 04:00:00;166.0;1.0;0.0
330020;11-01-2024 05:00:00;159.0;1.0;0.0
330020;11-01-2024 06:00:00;0.0;0.0;0.0
330020;11-01-2024 07:00:00;0.0;0.0;0.0
330020;11-01-2024 08:00:00;0.0;0.0;0.0
330020;11-01-2024 09:00:00;0.0;0.0;0.0
330020;11-01-2024 10:00:00;0.0;0.0;0.0
330020;11-01-2024 11:00:00;0.0;0.0;0.0
330020;11-01-2024 12:00:00;0.0;0.0;0.0
330020;11-01-2024 13:00:00;165.0;4.0;0.0
330020;11-01-2024 14:00:00;212.0;1.0;0.0
330020;11-01-2024 15:00:00;275.0;1.0;0.0
330020;11-01-2024 16:00:00;218.0;7.0;0.0
330020;11-01-2024 17:00:00;153.0;3.0;0.0
330020;11-01-2024 18:00:00;186.0;5.0;0.0
330020;11-01-2024 19:00:00;289.0;3.0;0.0
330020;11-01-2024 20:00:00;136.0;2.0;0.0
330020;11-01-2024 21:00:00;237.0;5.0;0.0
330020;11-01-2024 22:00:00;251.0;3.0;0.0
330020;11-01-2024 23:00:00;260.0;5.0;0.0
330020;12-01-2024 00:00:00;193.0;6.0;0.0
330020;12-01-2024 01:00:00;176.0;2.0;0.0
330020;12-01-2024 02:00:00;181.0;3.0;0.0
330020;12-01-2024 03:00:00;204.0;2.0;0.0
330020;12-01-2024 04:00:00;195.0;2.0;0.0
330020;12-01-2024 05:00:00;180.0;1.0;0.0
330020;12-01-2024 06:00:00;0.0;0.0;0.0
330020;12-01-2024 07:00:00;0.0;0.0;0.0
330020;12-01-2024 08:00:00;282.0;1.0;0.0
330020;12-01-2024 09:00:00;0.0;0.0;0.0
330020;12-01-2024 10:00:00;0.0;0.0;0.0
330020;12-01-2024 11:00:00;0.0;0.0;0.0
330020;12-01-2024 12:00:00;0.0;0.0;0.0
330020;12-01-2024 13:00:00;0.0;0.0;0.0
330020;12-01-2024 14:00:00;0.0;0.0;0.0
330020;12-01-2024 15:00:00;0.0;0.0;0.0
330020;12-01-2024 16:00:00;220.0;3.0;0.0
330020;12-01-2024 17:00:00;0.0;0.0;0.0
330020;12-01-2024 18:00:00;220.0;5.0;0.0
330020;12-01-2024 19:00:00;0.0;0.0;0.0
330020;12-01-2024 20:00:00;200.0;5.0;0.0
330020;12-01-2024 21:00:00;210.0;6.0;0.0
330020;12-01-2024 22:00:00;200.0;6.0;0.0
330020;12-01-2024 23:00:00;200.0;5.0;0.0
330020;13-01-2024 00:00:00;200.0;5.0;0.0
330020;13-01-2024 01:00:00;181.0;3.0;0.0
330020;13-01-2024 02:00:00;190.0;3.0;0.0
330020;13-01-2024 03:00:00;0.0;0.0;0.0
330020;13-01-2024 04:00:00;186.0;2.0;0.0
330020;13-01-2024 05:00:00;209.0;1.0;0.0
330020;13-01-2024 06:00:00;0.0;0.0;0.0
330020;13-01-2024 07:00:00;208.0;1.0;0.0
330020;13-01-2024 08:00:00;167.0;2.0;0.0
330020;13-01-2024 09:00:00;0.0;0.0;0.0
330020;13-01-2024 10:00:00;0.0;0.0;0.0
330020;13-01-2024 11:00:00;0.0;0.0;0.0
330020;13-01-2024 12:00:00;0.0;0.0;0.0
330020;13-01-2024 13:00:00;250.0;2.0;0.0
330020;13-01-2024 14:00:00;200.0;2.0;0.0
330020;13-01-2024 15:00:00;200.0;3.0;0.0
330020;13-01-2024 16:00:00;230.0;3.0;0.0
330020;13-01-2024 17:00:00;200.0;3.0;0.0
330020;13-01-2024 18:00:00;210.0;5.0;0.0
330020;13-01-2024 19:00:00;210.0;4.0;0.0
330020;13-01-2024 20:00:00;220.0;5.0;0.0
330020;13-01-2024 21:00:00;220.0;5.0;0.0
330020;13-01-2024 22:00:00;230.0;5.0;0.0
330020;13-01-2024 23:00:00;200.0;5.0;0.0
330020;14-01-2024 00:00:00;190.0;3.0;0.0
330020;14-01-2024 01:00:00;176.0;2.0;0.0
330020;14-01-2024 02:00:00;174.0;4.0;0.0
330020;14-01-2024 03:00:00;160.0;1.0;0.0
330020;14-01-2024 04:00:00;189.0;2.0;0.0
330020;14-01-2024 05:00:00;0.0;0.0;0.0
330020;14-01-2024 06:00:00;0.0;0.0;0.0
330020;14-01-2024 07:00:00;0.0;0.0;0.0
330020;14-01-2024 08:00:00;0.0;0.0;0.0
330020;14-01-2024 09:00:00;0.0;0.0;0.0
330020;14-01-2024 10:00:00;0.0;0.0;0.0
330020;14-01-2024 11:00:00;0.0;0.0;0.0
330020;14-01-2024 12:00:00;150.0;2.0;0.0
330020;14-01-2024 13:00:00;326.0;2.0;0.0
330020;14-01-2024 14:00:00;194.0;2.0;0.0
330020;14-01-2024 15:00:00;222.0;3.0;0.0
330020;14-01-2024 16:00:00;250.0;3.0;0.0
330020;14-01-2024 17:00:00;187.0;1.0;0.0
330020;14-01-2024 18:00:00;239.0;8.0;0.0
330020;14-01-2024 19:00:00;241.0;7.0;0.0
330020;14-01-2024 20:00:00;168.0;2.0;0.0
330020;14-01-2024 21:00:00;284.0;8.0;0.0
330020;14-01-2024 22:00:00;211.0;10.0;0.0
330020;14-01-2024 23:00:00;262.0;3.0;0.0
330020;15-01-2024 00:00:00;220.0;1.0;0.0
330020;15-01-2024 01:00:00;164.0;1.0;0.0
330020;15-01-2024 02:00:00;177.0;2.0;0.0
330020;15-01-2024 03:00:00;174.0;1.0;0.0
330020;15-01-2024 04:00:00;162.0;1.0;0.0
330020;15-01-2024 05:00:00;0.0;0.0;0.0
330020;15-01-2024 06:00:00;0.0;0.0;0.0
330020;15-01-2024 07:00:00;0.0;0.0;0.0
330020;15-01-2024 08:00:00;0.0;0.0;0.0
330020;15-01-2024 09:00:00;0.0;0.0;0.0
330020;15-01-2024 10:00:00;0.0;0.0;0.0
330020;15-01-2024 11:00:00;0.0;0.0;0.0
330020;15-01-2024 12:00:00;270.0;1.0;0.0
330020;15-01-2024 13:00:00;270.0;2.0;0.0
330020;15-01-2024 14:00:00;270.0;2.0;0.0
330020;15-01-2024 15:00:00;240.0;4.0;0.0
330020;15-01-2024 16:00:00;220.0;4.0;0.0
330020;15-01-2024 17:00:00;230.0;6.0;0.0
330020;15-01-2024 18:00:00;220.0;2.0;0.0
330020;15-01-2024 19:00:00;220.0;6.0;0.0
330020;15-01-2024 20:00:00;200.0;6.0;0.0
330020;15-01-2024 21:00:00;220.0;5.0;0.0
330020;15-01-2024 22:00:00;200.0;5.0;0.0
330020;15-01-2024 23:00:00;200.0;5.0;0.0
330020;16-01-2024 00:00:00;180.0;4.0;0.0
330020;16-01-2024 01:00:00;175.0;4.0;0.0
330020;16-01-2024 02:00:00;180.0;3.0;0.0
330020;16-01-2024 03:00:00;160.0;3.0;0.0
330020;16-01-2024 04:00:00;183.0;1.0;0.0
330020;16-01-2024 05:00:00;175.0;1.0;0.0
330020;16-01-2024 06:00:00;290.0;2.0;0.0
330020;16-01-2024 07:00:00;0.0;0.0;0.0
330020;16-01-2024 08:00:00;0.0;0.0;0.0
330020;16-01-2024 09:00:00;0.0;0.0;0.0
330020;16-01-2024 10:00:00;0.0;0.0;0.0
330020;16-01-2024 11:00:00;280.0;1.0;0.0
330020;16-01-2024 12:00:00;10.0;1.0;0.0
330020;16-01-2024 13:00:00;330.0;2.0;0.0
330020;16-01-2024 14:00:00;310.0;2.0;0.0
330020;16-01-2024 15:00:00;340.0;3.0;0.0
330020;16-01-2024 16:00:00;210.0;3.0;0.0
330020;16-01-2024 17:00:00;240.0;3.0;0.0
330020;16-01-2024 18:00:00;210.0;3.0;0.0
330020;16-01-2024 19:00:00;160.0;9.0;0.0
330020;16-01-2024 20:00:00;200.0;4.0;0.0
330020;16-01-2024 21:00:00;230.0;5.0;0.0
330020;16-01-2024 22:00:00;220.0;4.0;0.0
330020;16-01-2024 23:00:00;230.0;4.0;0.0
330020;17-01-2024 00:00:00;210.0;4.0;0.0
330020;17-01-2024 01:00:00;167.0;2.0;0.0
330020;17-01-2024 02:00:00;170.0;2.0;0.0
330020;17-01-2024 03:00:00;0.0;0.0;0.0
330020;17-01-2024 04:00:00;0.0;0.0;0.0
330020;17-01-2024 05:00:00;0.0;0.0;0.0
330020;17-01-2024 06:00:00;0.0;0.0;0.0
330020;17-01-2024 07:00:00;0.0;0.0;0.0
330020;17-01-2024 08:00:00;0.0;0.0;0.0
330020;17-01-2024 09:00:00;0.0;0.0;0.0
330020;17-01-2024 10:00:00;0.0;0.0;0.0
330020;17-01-2024 11:00:00;0.0;0.0;0.0
330020;17-01-2024 12:00:00;0.0;0.0;0.0
330020;17-01-2024 13:00:00;0.0;0.0;0.0
330020;17-01-2024 14:00:00;0.0;0.0;0.0
330020;17-01-2024 15:00:00;28.0;9.4;0.0
330020;17-01-2024 16:00:00;290.0;3.0;0.0
330020;17-01-2024 17:00:00;190.0;3.0;0.0
330020;17-01-2024 18:00:00;35.0;1.0;0.0
330020;17-01-2024 19:00:00;210.0;7.0;0.0
330020;17-01-2024 20:00:00;180.0;12.0;0.0
330020;17-01-2024 21:00:00;160.0;15.0;0.0
330020;17-01-2024 22:00:00;190.0;5.0;0.0
330020;17-01-2024 23:00:00;200.0;5.0;0.0
330020;18-01-2024 00:00:00;230.0;5.0;0.0
330020;18-01-2024 01:00:00;174.0;4.0;0.0
330020;18-01-2024 02:00:00;184.0;3.0;0.0
330020;18-01-2024 03:00:00;230.0;2.0;0.0
330020;18-01-2024 04:00:00;154.0;1.0;0.0
330020;18-01-2024 05:00:00;280.0;1.0;0.0
330020;18-01-2024 06:00:00;0.0;0.0;0.0
330020;18-01-2024 07:00:00;152.0;1.0;0.0
330020;18-01-2024 08:00:00;0.0;0.0;0.0
330020;18-01-2024 09:00:00;0.0;0.0;0.0
330020;18-01-2024 10:00:00;0.0;0.0;0.0
330020;18-01-2024 11:00:00;0.0;0.0;0.0
330020;18-01-2024 12:00:00;0.0;0.0;0.0
330020;18-01-2024 13:00:00;0.0;0.0;0.0
330020;18-01-2024 14:00:00;260.0;3.0;0.0
330020;18-01-2024 15:00:00;220.0;3.0;0.0
330020;18-01-2024 16:00:00;200.0;4.0;0.0
330020;18-01-2024 17:00:00;190.0;4.0;0.0
330020;18-01-2024 18:00:00;200.0;4.0;0.0
330020;18-01-2024 19:00:00;190.0;5.0;0.0
330020;18-01-2024 20:00:00;230.0;4.0;0.0
330020;18-01-2024 21:00:00;200.0;5.0;0.0
330020;18-01-2024 22:00:00;220.0;4.0;0.0
330020;18-01-2024 23:00:00;200.0;4.0;0.0
330020;19-01-2024 00:00:00;220.0;3.0;0.0
330020;19-01-2024 01:00:00;180.0;2.0;0.0
330020;19-01-2024 02:00:00;154.0;1.0;0.0
330020;19-01-2024 03:00:00;0.0;0.0;0.0
330020;19-01-2024 04:00:00;0.0;0.0;0.0
330020;19-01-2024 05:00:00;319.0;1.0;0.0
330020;19-01-2024 06:00:00;319.0;1.0;0.0
330020;19-01-2024 07:00:00;0.0;0.0;0.0
330020;19-01-2024 08:00:00;0.0;0.0;0.0
330020;19-01-2024 09:00:00;0.0;0.0;0.0
330020;19-01-2024 10:00:00;0.0;0.0;0.0
330020;19-01-2024 11:00:00;0.0;0.0;0.0
330020;19-01-2024 12:00:00;268.0;1.0;0.0
330020;19-01-2024 13:00:00;317.0;1.0;0.0
330020;19-01-2024 14:00:00;272.0;1.0;0.0
330020;19-01-2024 15:00:00;224.0;1.0;0.0
330020;19-01-2024 16:00:00;244.0;4.0;0.0
330020;19-01-2024 17:00:00;204.0;5.0;0.0
330020;19-01-2024 18:00:00;0.0;0.0;0.0
330020;19-01-2024 19:00:00;205.0;4.0;0.0
330020;19-01-2024 20:00:00;209.0;2.0;0.0
330020;19-01-2024 21:00:00;198.0;1.0;0.0
330020;19-01-2024 22:00:00;0.0;0.0;0.0
330020;19-01-2024 23:00:00;188.0;5.0;0.0
330020;20-01-2024 00:00:00;183.0;2.0;0.0
330020;20-01-2024 01:00:00;186.0;3.0;0.0
330020;20-01-2024 02:00:00;171.0;2.0;0.0
330020;20-01-2024 03:00:00;178.0;2.0;0.0
330020;20-01-2024 04:00:00;0.0;0.0;0.0
330020;20-01-2024 05:00:00;0.0;0.0;0.0
330020;20-01-2024 06:00:00;0.0;0.0;0.0
330020;20-01-2024 07:00:00;340.0;1.0;0.0
330020;20-01-2024 08:00:00;0.0;0.0;0.0
330020;20-01-2024 09:00:00;0.0;0.0;0.0
330020;20-01-2024 10:00:00;0.0;0.0;0.0
330020;20-01-2024 11:00:00;0.0;0.0;0.0
330020;20-01-2024 12:00:00;245.0;1.0;0.0
330020;20-01-2024 13:00:00;230.0;3.0;0.0
330020;20-01-2024 14:00:00;240.0;2.0;0.0
330020;20-01-2024 15:00:00;210.0;3.0;0.0
330020;20-01-2024 16:00:00;200.0;4.0;0.0
330020;20-01-2024 17:00:00;220.0;7.0;0.0
330020;20-01-2024 18:00:00;210.0;6.0;0.0
330020;20-01-2024 19:00:00;200.0;4.0;0.0
330020;20-01-2024 20:00:00;200.0;6.0;0.0
330020;20-01-2024 21:00:00;210.0;4.0;0.0
330020;20-01-2024 22:00:00;200.0;5.0;0.0
330020;20-01-2024 23:00:00;200.0;4.0;0.0
330020;21-01-2024 00:00:00;200.0;3.0;0.0
330020;21-01-2024 01:00:00;174.0;3.0;0.0
330020;21-01-2024 02:00:00;172.0;2.0;0.0
330020;21-01-2024 03:00:00;170.0;1.0;0.0
330020;21-01-2024 04:00:00;0.0;0.0;0.0
330020;21-01-2024 05:00:00;0.0;0.0;0.0
330020;21-01-2024 06:00:00;0.0;0.0;0.0
330020;21-01-2024 07:00:00;0.0;0.0;0.0
330020;21-01-2024 08:00:00;0.0;0.0;0.0
330020;21-01-2024 09:00:00;0.0;0.0;0.0
330020;21-01-2024 10:00:00;0.0;0.0;0.0
330020;21-01-2024 11:00:00;0.0;0.0;0.0
330020;21-01-2024 12:00:00;170.0;2.0;0.0
330020;21-01-2024 13:00:00;220.0;3.0;0.0
330020;21-01-2024 14:00:00;330.0;3.0;0.0
330020;21-01-2024 15:00:00;25.0;2.0;0.0
330020;21-01-2024 16:00:00;270.0;7.0;0.0
330020;21-01-2024 17:00:00;280.0;5.0;0.0
330020;21-01-2024 18:00:00;270.0;5.0;0.0
330020;21-01-2024 19:00:00;200.0;10.0;0.0
330020;21-01-2024 20:00:00;280.0;9.0;0.0
330020;21-01-2024 21:00:00;200.0;12.0;0.0
330020;21-01-2024 22:00:00;200.0;7.0;0.0
330020;21-01-2024 23:00:00;230.0;9.0;0.0
330020;22-01-2024 00:00:00;140.0;1.0;0.0
330020;22-01-2024 01:00:00;167.0;3.0;0.0
330020;22-01-2024 02:00:00;188.0;2.0;0.0
330020;22-01-2024 03:00:00;200.0;2.0;0.0
330020;22-01-2024 04:00:00;0.0;0.0;0.0
330020;22-01-2024 05:00:00;0.0;0.0;0.0
330020;22-01-2024 06:00:00;0.0;0.0;0.0
330020;22-01-2024 07:00:00;0.0;0.0;0.0
330020;22-01-2024 08:00:00;152.0;1.0;0.0
330020;22-01-2024 09:00:00;0.0;0.0;0.0
330020;22-01-2024 10:00:00;0.0;0.0;0.0
330020;22-01-2024 11:00:00;0.0;0.0;0.0
330020;22-01-2024 12:00:00;0.0;0.0;0.0
330020;22-01-2024 13:00:00;0.0;0.0;0.0
330020;22-01-2024 14:00:00;0.0;0.0;0.0
330020;22-01-2024 15:00:00;0.0;0.0;0.0
330020;22-01-2024 16:00:00;220.0;3.0;0.0
330020;22-01-2024 17:00:00;220.0;3.0;0.0
330020;22-01-2024 18:00:00;200.0;5.0;0.0
330020;22-01-2024 19:00:00;220.0;5.0;0.0
330020;22-01-2024 20:00:00;210.0;6.0;0.0
330020;22-01-2024 21:00:00;220.0;5.0;0.0
330020;22-01-2024 22:00:00;190.0;5.0;0.0
330020;22-01-2024 23:00:00;190.0;5.0;0.0
330020;23-01-2024 00:00:00;190.0;4.0;0.0
330020;23-01-2024 01:00:00;168.0;3.0;0.0
330020;23-01-2024 02:00:00;179.0;2.0;0.0
330020;23-01-2024 03:00:00;200.0;3.0;0.0
330020;23-01-2024 04:00:00;182.0;2.0;0.0
330020;23-01-2024 05:00:00;188.0;2.0;0.0
330020;23-01-2024 06:00:00;191.0;1.0;0.0
330020;23-01-2024 07:00:00;157.0;2.0;0.0
330020;23-01-2024 08:00:00;0.0;0.0;0.0
330020;23-01-2024 09:00:00;0.0;0.0;0.0
330020;23-01-2024 10:00:00;0.0;0.0;0.0
330020;23-01-2024 11:00:00;0.0;0.0;0.0
330020;23-01-2024 12:00:00;235.0;1.0;0.0
330020;23-01-2024 13:00:00;344.0;1.0;0.0
330020;23-01-2024 14:00:00;252.0;4.0;0.0
330020;23-01-2024 15:00:00;255.0;2.0;0.0
330020;23-01-2024 16:00:00;194.0;3.0;0.0
330020;23-01-2024 17:00:00;194.0;5.0;0.0
330020;23-01-2024 18:00:00;241.0;6.0;0.0
330020;23-01-2024 19:00:00;187.0;10.0;0.0
330020;23-01-2024 20:00:00;206.0;5.0;0.0
330020;23-01-2024 21:00:00;209.0;9.0;0.0
330020;23-01-2024 22:00:00;222.0;4.0;0.0
330020;23-01-2024 23:00:00;184.0;4.0;0.0
330020;24-01-2024 00:00:00;151.0;2.0;0.0
330020;24-01-2024 01:00:00;170.0;2.0;0.0
330020;24-01-2024 02:00:00;184.0;2.0;0.0
330020;24-01-2024 03:00:00;158.0;2.0;0.0
330020;24-01-2024 04:00:00;163.0;1.0;0.0
330020;24-01-2024 05:00:00;0.0;0.0;0.0
330020;24-01-2024 06:00:00;315.0;1.0;0.0
330020;24-01-2024 07:00:00;280.0;1.0;0.0
330020;24-01-2024 08:00:00;0.0;0.0;0.0
330020;24-01-2024 09:00:00;0.0;0.0;0.0
330020;24-01-2024 10:00:00;331.0;1.0;0.0
330020;24-01-2024 11:00:00;284.0;1.0;0.0
330020;24-01-2024 12:00:00;360.0;2.0;0.0
330020;24-01-2024 13:00:00;360.0;1.0;0.0
330020;24-01-2024 14:00:00;270.0;1.0;0.0
330020;24-01-2024 15:00:00;40.0;1.0;0.0
330020;24-01-2024 16:00:00;260.0;1.0;0.0
330020;24-01-2024 17:00:00;220.0;4.0;0.0
330020;24-01-2024 18:00:00;200.0;5.0;0.0
330020;24-01-2024 19:00:00;220.0;4.0;0.0
330020;24-01-2024 20:00:00;220.0;5.0;0.0
330020;24-01-2024 21:00:00;220.0;5.0;0.0
330020;24-01-2024 22:00:00;230.0;5.0;0.0
330020;24-01-2024 23:00:00;210.0;4.0;0.0
330020;25-01-2024 00:00:00;200.0;5.0;0.0
330020;25-01-2024 01:00:00;163.0;3.0;0.0
330020;25-01-2024 02:00:00;173.0;2.0;0.0
330020;25-01-2024 03:00:00;190.0;1.0;0.0
330020;25-01-2024 04:00:00;181.0;1.0;0.0
330020;25-01-2024 05:00:00;0.0;0.0;0.0
330020;25-01-2024 06:00:00;0.0;0.0;0.0
330020;25-01-2024 07:00:00;0.0;0.0;0.0
330020;25-01-2024 08:00:00;0.0;0.0;0.0
330020;25-01-2024 09:00:00;0.0;0.0;0.0
330020;25-01-2024 10:00:00;0.0;0.0;0.0
330020;25-01-2024 11:00:00;260.0;1.0;0.0
330020;25-01-2024 12:00:00;0.0;0.0;0.0
330020;25-01-2024 13:00:00;0.0;0.0;0.0
330020;25-01-2024 14:00:00;300.0;5.0;0.0
330020;25-01-2024 15:00:00;250.0;5.0;0.0
330020;25-01-2024 16:00:00;130.0;3.0;0.0
330020;25-01-2024 17:00:00;250.0;14.0;0.0
330020;25-01-2024 18:00:00;190.0;11.0;0.0
330020;25-01-2024 19:00:00;250.0;12.0;0.0
330020;25-01-2024 20:00:00;210.0;11.0;0.0
330020;25-01-2024 21:00:00;130.0;3.0;0.0
330020;25-01-2024 22:00:00;260.0;7.0;0.0
330020;25-01-2024 23:00:00;140.0;9.0;0.0
330020;26-01-2024 00:00:00;210.0;11.0;0.0
330020;26-01-2024 01:00:00;177.0;3.0;0.0
330020;26-01-2024 02:00:00;183.0;2.0;0.0
330020;26-01-2024 03:00:00;150.0;1.0;0.0
330020;26-01-2024 04:00:00;157.0;1.0;0.0
330020;26-01-2024 05:00:00;0.0;0.0;0.0
330020;26-01-2024 06:00:00;210.0;11.0;0.0
330020;26-01-2024 07:00:00;161.0;2.0;0.0
330020;26-01-2024 08:00:00;158.0;2.0;0.0
330020;26-01-2024 09:00:00;290.0;5.0;0.0
330020;26-01-2024 10:00:00;180.0;3.0;0.0
330020;26-01-2024 11:00:00;0.0;0.0;0.0
330020;26-01-2024 12:00:00;0.0;0.0;0.0
330020;26-01-2024 13:00:00;190.0;3.0;0.0
330020;26-01-2024 14:00:00;210.0;3.0;0.0
330020;26-01-2024 15:00:00;200.0;4.0;0.0
330020;26-01-2024 16:00:00;0.0;0.0;0.0
330020;26-01-2024 17:00:00;200.0;4.0;0.0
330020;26-01-2024 18:00:00;210.0;4.0;0.0
330020;26-01-2024 19:00:00;210.0;5.0;0.0
330020;26-01-2024 20:00:00;220.0;4.0;0.0
330020;26-01-2024 21:00:00;190.0;4.0;0.0
330020;26-01-2024 22:00:00;190.0;5.0;0.0
330020;26-01-2024 23:00:00;200.0;4.0;0.0
330020;27-01-2024 00:00:00;210.0;3.0;0.0
330020;27-01-2024 01:00:00;199.0;2.0;0.0
330020;27-01-2024 02:00:00;172.0;1.0;0.0
330020;27-01-2024 03:00:00;0.0;0.0;0.0
330020;27-01-2024 04:00:00;164.0;1.0;0.0
330020;27-01-2024 05:00:00;154.0;1.0;0.0
330020;27-01-2024 06:00:00;185.0;1.0;0.0
330020;27-01-2024 07:00:00;0.0;0.0;0.0
330020;27-01-2024 08:00:00;0.0;0.0;0.0
330020;27-01-2024 09:00:00;0.0;0.0;0.0
330020;27-01-2024 10:00:00;0.0;0.0;0.0
330020;27-01-2024 11:00:00;0.0;0.0;0.0
330020;27-01-2024 12:00:00;0.0;0.0;0.0
330020;27-01-2024 13:00:00;234.0;1.0;0.0
330020;27-01-2024 14:00:00;247.0;1.0;0.0
330020;27-01-2024 15:00:00;313.0;4.0;0.0
330020;27-01-2024 16:00:00;182.0;2.0;0.0
330020;27-01-2024 17:00:00;264.0;5.0;0.0
330020;27-01-2024 18:00:00;220.0;4.0;0.0
330020;27-01-2024 19:00:00;208.0;1.0;0.0
330020;27-01-2024 20:00:00;236.0;6.0;0.0
330020;27-01-2024 21:00:00;191.0;3.0;0.0
330020;27-01-2024 22:00:00;192.0;2.0;0.0
330020;27-01-2024 23:00:00;161.0;2.0;0.0
330020;28-01-2024 00:00:00;150.0;3.0;0.0
330020;28-01-2024 01:00:00;183.0;3.0;0.0
330020;28-01-2024 02:00:00;181.0;1.0;0.0
330020;28-01-2024 03:00:00;0.0;0.0;0.0
330020;28-01-2024 04:00:00;170.0;1.0;0.0
330020;28-01-2024 05:00:00;208.0;1.0;0.0
330020;28-01-2024 06:00:00;261.0;1.0;0.0
330020;28-01-2024 07:00:00;154.0;1.0;0.0
330020;28-01-2024 08:00:00;255.0;1.0;0.0
330020;28-01-2024 09:00:00;155.0;2.0;0.0
330020;28-01-2024 10:00:00;0.0;0.0;0.0
330020;28-01-2024 11:00:00;133.0;2.0;0.0
330020;28-01-2024 12:00:00;0.0;0.0;0.0
330020;28-01-2024 13:00:00;230.0;2.0;0.0
330020;28-01-2024 14:00:00;230.0;3.0;0.0
330020;28-01-2024 15:00:00;200.0;3.0;0.0
330020;28-01-2024 16:00:00;210.0;5.0;0.0
330020;28-01-2024 17:00:00;200.0;5.0;0.0
330020;28-01-2024 18:00:00;220.0;5.0;0.0
330020;28-01-2024 19:00:00;220.0;6.0;0.0
330020;28-01-2024 20:00:00;210.0;5.0;0.0
330020;28-01-2024 21:00:00;200.0;5.0;0.0
330020;28-01-2024 22:00:00;190.0;6.0;0.0
330020;28-01-2024 23:00:00;200.0;4.0;0.0
330020;29-01-2024 00:00:00;180.0;3.0;0.0
330020;29-01-2024 01:00:00;170.0;3.0;0.0
330020;29-01-2024 02:00:00;181.0;3.0;0.0
330020;29-01-2024 03:00:00;180.0;2.0;0.0
330020;29-01-2024 04:00:00;147.0;1.0;0.0
330020;29-01-2024 05:00:00;156.0;1.0;0.0
330020;29-01-2024 06:00:00;0.0;0.0;0.0
330020;29-01-2024 07:00:00;0.0;0.0;0.0
330020;29-01-2024 08:00:00;0.0;0.0;0.0
330020;29-01-2024 09:00:00;0.0;0.0;0.0
330020;29-01-2024 10:00:00;300.0;1.0;0.0
330020;29-01-2024 11:00:00;0.0;0.0;0.0
330020;29-01-2024 12:00:00;190.0;1.0;0.0
330020;29-01-2024 13:00:00;310.0;2.0;0.0
330020;29-01-2024 14:00:00;340.0;5.0;0.0
330020;29-01-2024 15:00:00;290.0;3.0;0.0
330020;29-01-2024 16:00:00;240.0;3.0;0.0
330020;29-01-2024 17:00:00;210.0;5.0;0.0
330020;29-01-2024 18:00:00;260.0;1.0;0.0
330020;29-01-2024 19:00:00;250.0;12.0;0.0
330020;29-01-2024 20:00:00;201.0;5.0;0.0
330020;29-01-2024 21:00:00;240.0;7.0;0.0
330020;29-01-2024 22:00:00;135.0;5.0;0.0
330020;29-01-2024 23:00:00;210.0;9.0;0.0
330020;30-01-2024 00:00:00;210.0;9.0;0.0
330020;30-01-2024 01:00:00;174.0;4.0;0.0
330020;30-01-2024 02:00:00;176.0;2.0;0.0
330020;30-01-2024 03:00:00;180.0;1.0;0.0
330020;30-01-2024 04:00:00;197.0;2.0;0.0
330020;30-01-2024 05:00:00;225.0;1.0;0.0
330020;30-01-2024 06:00:00;0.0;0.0;0.0
330020;30-01-2024 07:00:00;0.0;0.0;0.0
330020;30-01-2024 08:00:00;0.0;0.0;0.0
330020;30-01-2024 09:00:00;0.0;0.0;0.0
330020;30-01-2024 10:00:00;0.0;0.0;0.0
330020;30-01-2024 11:00:00;0.0;0.0;0.0
330020;30-01-2024 12:00:00;0.0;0.0;0.0
330020;30-01-2024 13:00:00;0.0;0.0;0.0
330020;30-01-2024 14:00:00;0.0;0.0;0.0
330020;30-01-2024 15:00:00;210.0;3.0;0.0
330020;30-01-2024 16:00:00;230.0;3.0;0.0
330020;30-01-2024 17:00:00;200.0;3.0;0.0
330020;30-01-2024 18:00:00;220.0;4.0;0.0
330020;30-01-2024 19:00:00;190.0;5.0;0.0
330020;30-01-2024 20:00:00;210.0;5.0;0.0
330020;30-01-2024 21:00:00;220.0;5.0;0.0
330020;30-01-2024 22:00:00;220.0;4.0;0.0
330020;30-01-2024 23:00:00;0.0;0.0;0.0
330020;31-01-2024 00:00:00;0.0;0.0;0.0
330020;31-01-2024 01:00:00;179.0;3.0;0.0
330020;31-01-2024 02:00:00;170.0;2.0;0.0
330020;31-01-2024 03:00:00;0.0;0.0;0.0
330020;31-01-2024 04:00:00;0.0;0.0;0.0
330020;31-01-2024 05:00:00;0.0;0.0;0.0
330020;31-01-2024 06:00:00;0.0;0.0;0.0
330020;31-01-2024 07:00:00;0.0;0.0;0.0
330020;31-01-2024 08:00:00;0.0;0.0;0.0
330020;31-01-2024 09:00:00;0.0;0.0;0.0
330020;31-01-2024 10:00:00;0.0;0.0;0.0
330020;31-01-2024 11:00:00;0.0;0.0;0.0
330020;31-01-2024 12:00:00;327.0;2.0;0.0
330020;31-01-2024 13:00:00;248.0;2.0;0.0
330020;31-01-2024 14:00:00;80.0;2.0;0.0
330020;31-01-2024 15:00:00;230.0;2.0;0.0
330020;31-01-2024 16:00:00;218.0;4.0;0.0
330020;31-01-2024 17:00:00;165.0;5.0;0.0
330020;31-01-2024 18:00:00;0.0;0.0;0.0
330020;31-01-2024 19:00:00;300.0;3.0;0.0
330020;31-01-2024 20:00:00;237.0;5.0;0.0
330020;31-01-2024 21:00:00;262.0;8.0;0.0
330020;31-01-2024 22:00:00;180.0;4.0;0.0
330020;31-01-2024 23:00:00;204.0;3.0;0.0
330020;01-02-2024 00:00:00;0.0;0.0;0.0
330020;01-02-2024 01:00:00;184.0;2.0;0.0
330020;01-02-2024 02:00:00;182.0;2.0;0.0
330020;01-02-2024 03:00:00;174.0;1.0;0.0
330020;01-02-2024 04:00:00;182.0;1.0;0.0
330020;01-02-2024 05:00:00;0.0;0.0;0.0
330020;01-02-2024 06:00:00;0.0;0.0;0.0
330020;01-02-2024 07:00:00;0.0;0.0;0.0
330020;01-02-2024 08:00:00;0.0;0.0;0.0
330020;01-02-2024 09:00:00;0.0;0.0;0.0
330020;01-02-2024 10:00:00;0.0;0.0;0.0
330020;01-02-2024 11:00:00;0.0;0.0;0.0
330020;01-02-2024 12:00:00;340.0;1.0;0.0
330020;01-02-2024 13:00:00;280.0;1.0;0.0
330020;01-02-2024 14:00:00;210.0;1.0;0.0
330020;01-02-2024 15:00:00;180.0;3.0;0.0
330020;01-02-2024 16:00:00;210.0;3.0;0.0
330020;01-02-2024 17:00:00;230.0;3.0;0.0
330020;01-02-2024 18:00:00;220.0;4.0;0.0
330020;01-02-2024 19:00:00;230.0;4.0;0.0
330020;01-02-2024 20:00:00;220.0;5.0;0.0
330020;01-02-2024 21:00:00;220.0;6.0;0.0
330020;01-02-2024 22:00:00;230.0;4.0;0.0
330020;01-02-2024 23:00:00;210.0;4.0;0.0
330020;02-02-2024 00:00:00;200.0;2.0;0.0
330020;02-02-2024 01:00:00;186.0;3.0;0.0
330020;02-02-2024 02:00:00;196.0;3.0;0.0
330020;02-02-2024 03:00:00;170.0;2.0;0.0
330020;02-02-2024 04:00:00;160.0;1.0;0.0
330020;02-02-2024 05:00:00;0.0;0.0;0.0
330020;02-02-2024 06:00:00;0.0;0.0;0.0
330020;02-02-2024 07:00:00;0.0;0.0;0.0
330020;02-02-2024 08:00:00;0.0;0.0;0.0
330020;02-02-2024 09:00:00;290.0;1.0;0.0
330020;02-02-2024 10:00:00;0.0;0.0;0.0
330020;02-02-2024 11:00:00;0.0;0.0;0.0
330020;02-02-2024 12:00:00;0.0;0.0;0.0
330020;02-02-2024 13:00:00;2.0;5.0;0.0
330020;02-02-2024 14:00:00;270.0;2.0;0.0
330020;02-02-2024 15:00:00;180.0;3.0;0.0
330020;02-02-2024 16:00:00;140.0;16.0;0.0
330020;02-02-2024 17:00:00;170.0;9.0;0.0
330020;02-02-2024 18:00:00;230.0;10.0;0.0
330020;02-02-2024 19:00:00;150.0;7.0;0.0
330020;02-02-2024 20:00:00;200.0;10.0;0.0
330020;02-02-2024 21:00:00;180.0;16.0;0.0
330020;02-02-2024 22:00:00;220.0;14.0;0.0
330020;02-02-2024 23:00:00;215.0;11.0;0.0
330020;03-02-2024 00:00:00;230.0;5.0;0.0
330020;03-02-2024 01:00:00;202.0;4.0;0.0
330020;03-02-2024 02:00:00;206.0;3.0;0.0
330020;03-02-2024 03:00:00;240.0;1.0;0.0
330020;03-02-2024 04:00:00;210.0;1.0;0.0
330020;03-02-2024 05:00:00;240.0;1.0;0.0
330020;03-02-2024 06:00:00;260.0;1.0;0.0
330020;03-02-2024 07:00:00;0.0;0.0;0.0
330020;03-02-2024 08:00:00;0.0;0.0;0.0
330020;03-02-2024 09:00:00;0.0;0.0;0.0
330020;03-02-2024 10:00:00;0.0;0.0;0.0
330020;03-02-2024 11:00:00;0.0;0.0;0.0
330020;03-02-2024 12:00:00;330.0;1.0;0.0
330020;03-02-2024 13:00:00;0.0;0.0;0.0
330020;03-02-2024 14:00:00;0.0;0.0;0.0
330020;03-02-2024 15:00:00;0.0;0.0;0.0
330020;03-02-2024 16:00:00;260.0;4.0;0.0
330020;03-02-2024 17:00:00;0.0;0.0;0.0
330020;03-02-2024 18:00:00;230.0;3.0;0.0
330020;03-02-2024 19:00:00;180.0;5.0;0.0
330020;03-02-2024 20:00:00;180.0;5.0;0.0
330020;03-02-2024 21:00:00;190.0;4.0;0.0
330020;03-02-2024 22:00:00;200.0;4.0;0.0
330020;03-02-2024 23:00:00;210.0;3.0;0.0
330020;04-02-2024 00:00:00;210.0;3.0;0.0
330020;04-02-2024 01:00:00;182.0;2.0;0.0
330020;04-02-2024 02:00:00;153.0;1.0;0.0
330020;04-02-2024 03:00:00;0.0;0.0;0.0
330020;04-02-2024 04:00:00;0.0;0.0;0.0
330020;04-02-2024 05:00:00;0.0;0.0;0.0
330020;04-02-2024 06:00:00;0.0;0.0;0.0
330020;04-02-2024 07:00:00;0.0;0.0;0.0
330020;04-02-2024 08:00:00;0.0;0.0;0.0
330020;04-02-2024 09:00:00;0.0;0.0;0.0
330020;04-02-2024 10:00:00;0.0;0.0;0.0
330020;04-02-2024 11:00:00;0.0;0.0;0.0
330020;04-02-2024 12:00:00;0.0;0.0;0.0
330020;04-02-2024 13:00:00;156.0;1.0;0.0
330020;04-02-2024 14:00:00;212.0;3.0;0.0
330020;04-02-2024 15:00:00;184.0;7.0;0.0
330020;04-02-2024 16:00:00;227.0;2.0;0.0
330020;04-02-2024 17:00:00;186.0;4.0;0.0
330020;04-02-2024 18:00:00;260.0;4.0;0.0
330020;04-02-2024 19:00:00;173.0;5.0;0.0
330020;04-02-2024 20:00:00;230.0;5.0;0.0
330020;04-02-2024 21:00:00;185.0;10.0;0.0
330020;04-02-2024 22:00:00;211.0;6.0;0.0
330020;04-02-2024 23:00:00;204.0;2.0;0.0
330020;05-02-2024 00:00:00;101.0;1.0;0.0
330020;05-02-2024 01:00:00;200.0;2.0;0.0
330020;05-02-2024 02:00:00;187.0;3.0;0.0
330020;05-02-2024 03:00:00;202.0;1.0;0.0
330020;05-02-2024 04:00:00;181.0;3.0;0.0
330020;05-02-2024 05:00:00;170.0;1.0;0.0
330020;05-02-2024 06:00:00;221.0;3.0;0.0
330020;05-02-2024 07:00:00;0.0;0.0;0.0
330020;05-02-2024 08:00:00;193.0;1.0;0.0
330020;05-02-2024 09:00:00;135.0;1.0;0.0
330020;05-02-2024 10:00:00;266.0;1.0;0.0
330020;05-02-2024 11:00:00;194.0;2.0;0.0
330020;05-02-2024 12:00:00;170.0;1.0;0.0
330020;05-02-2024 13:00:00;13.0;1.0;0.0
330020;05-02-2024 14:00:00;290.0;3.0;0.0
330020;05-02-2024 15:00:00;280.0;1.0;0.0
330020;05-02-2024 16:00:00;250.0;3.0;0.0
330020;05-02-2024 17:00:00;230.0;3.0;0.0
330020;05-02-2024 18:00:00;200.0;4.0;0.0
330020;05-02-2024 19:00:00;200.0;5.0;0.0
330020;05-02-2024 20:00:00;190.0;5.0;0.0
330020;05-02-2024 21:00:00;220.0;4.0;0.0
330020;05-02-2024 22:00:00;20.0;5.0;0.0
330020;05-02-2024 23:00:00;200.0;4.0;0.0
330020;06-02-2024 00:00:00;200.0;3.0;0.0
330020;06-02-2024 01:00:00;176.0;3.0;0.0
330020;06-02-2024 02:00:00;189.0;3.0;0.0
330020;06-02-2024 03:00:00;180.0;2.0;0.0
330020;06-02-2024 04:00:00;184.0;1.0;0.0
330020;06-02-2024 05:00:00;0.0;0.0;0.0
330020;06-02-2024 06:00:00;295.0;1.0;0.0
330020;06-02-2024 07:00:00;0.0;0.0;0.0
330020;06-02-2024 08:00:00;0.0;0.0;0.0
330020;06-02-2024 09:00:00;0.0;0.0;0.0
330020;06-02-2024 10:00:00;0.0;0.0;0.0
330020;06-02-2024 11:00:00;0.0;0.0;0.0
330020;06-02-2024 12:00:00;270.0;1.0;0.0
330020;06-02-2024 13:00:00;270.0;1.0;0.0
330020;06-02-2024 14:00:00;180.0;1.0;0.0
330020;06-02-2024 15:00:00;230.0;3.0;0.0
330020;06-02-2024 16:00:00;260.0;4.0;0.0
330020;06-02-2024 17:00:00;220.0;4.0;0.0
330020;06-02-2024 18:00:00;210.0;5.0;0.0
330020;06-02-2024 19:00:00;200.0;5.0;0.0
330020;06-02-2024 20:00:00;200.0;5.0;0.0
330020;06-02-2024 21:00:00;210.0;6.0;0.0
330020;06-02-2024 22:00:00;200.0;6.0;0.0
330020;06-02-2024 23:00:00;190.0;4.0;0.0
330020;07-02-2024 00:00:00;190.0;5.0;0.0
330020;07-02-2024 01:00:00;171.0;3.0;0.0
330020;07-02-2024 02:00:00;183.0;2.0;0.0
330020;07-02-2024 03:00:00;180.0;1.0;0.0
330020;07-02-2024 04:00:00;204.0;2.0;0.0
330020;07-02-2024 05:00:00;0.0;0.0;0.0
330020;07-02-2024 06:00:00;0.0;0.0;0.0
330020;07-02-2024 07:00:00;0.0;0.0;0.0
330020;07-02-2024 08:00:00;0.0;0.0;0.0
330020;07-02-2024 09:00:00;0.0;0.0;0.0
330020;07-02-2024 10:00:00;0.0;0.0;0.0
330020;07-02-2024 11:00:00;0.0;0.0;0.0
330020;07-02-2024 12:00:00;0.0;0.0;0.0
330020;07-02-2024 13:00:00;50.0;2.0;0.0
330020;07-02-2024 14:00:00;340.0;1.0;0.0
330020;07-02-2024 15:00:00;0.0;0.0;0.0
330020;07-02-2024 16:00:00;40.0;1.0;0.0
330020;07-02-2024 17:00:00;240.0;12.0;0.0
330020;07-02-2024 18:00:00;260.0;9.0;0.0
330020;07-02-2024 19:00:00;207.0;7.0;0.0
330020;07-02-2024 20:00:00;220.0;1.0;0.0
330020;07-02-2024 21:00:00;200.0;11.0;0.0
330020;07-02-2024 22:00:00;200.0;9.0;0.0
330020;07-02-2024 23:00:00;230.0;7.0;0.0
330020;08-02-2024 00:00:00;240.0;1.0;0.0
330020;08-02-2024 01:00:00;174.0;2.0;0.0
330020;08-02-2024 02:00:00;187.0;3.0;0.0
330020;08-02-2024 03:00:00;160.0;5.0;0.0
330020;08-02-2024 04:00:00;187.0;2.0;0.0
330020;08-02-2024 05:00:00;0.0;0.0;0.0
330020;08-02-2024 06:00:00;0.0;0.0;0.0
330020;08-02-2024 07:00:00;0.0;0.0;0.0
330020;08-02-2024 08:00:00;287.0;1.0;0.0
330020;08-02-2024 09:00:00;0.0;0.0;0.0
330020;08-02-2024 10:00:00;0.0;0.0;0.0
330020;08-02-2024 11:00:00;0.0;0.0;0.0
330020;08-02-2024 12:00:00;140.0;1.0;0.0
330020;08-02-2024 13:00:00;230.0;1.0;0.0
330020;08-02-2024 14:00:00;250.0;2.0;0.0
330020;08-02-2024 15:00:00;60.0;2.0;0.0
330020;08-02-2024 16:00:00;180.0;4.0;0.0
330020;08-02-2024 17:00:00;200.0;4.0;0.0
330020;08-02-2024 18:00:00;240.0;3.0;0.0
330020;08-02-2024 19:00:00;230.0;5.0;0.0
330020;08-02-2024 20:00:00;230.0;6.0;0.0
330020;08-02-2024 21:00:00;220.0;6.0;0.0
330020;08-02-2024 22:00:00;240.0;5.0;0.0
330020;08-02-2024 23:00:00;210.0;4.0;0.0
330020;09-02-2024 00:00:00;180.0;4.0;0.0
330020;09-02-2024 01:00:00;173.0;4.0;0.0
330020;09-02-2024 02:00:00;183.0;4.0;0.0
330020;09-02-2024 03:00:00;190.0;3.0;0.0
330020;09-02-2024 04:00:00;162.0;1.0;0.0
330020;09-02-2024 05:00:00;145.0;2.0;0.0
330020;09-02-2024 06:00:00;200.0;1.0;0.0
330020;09-02-2024 07:00:00;249.0;1.0;0.0
330020;09-02-2024 08:00:00;0.0;0.0;0.0
330020;09-02-2024 09:00:00;180.0;1.0;0.0
330020;09-02-2024 10:00:00;0.0;0.0;0.0
330020;09-02-2024 11:00:00;280.0;2.0;0.0
330020;09-02-2024 12:00:00;281.0;1.0;0.0
330020;09-02-2024 13:00:00;254.0;2.0;0.0
330020;09-02-2024 14:00:00;186.0;5.0;0.0
330020;09-02-2024 15:00:00;41.0;2.0;0.0
330020;09-02-2024 16:00:00;172.0;3.0;0.0
330020;09-02-2024 17:00:00;226.0;5.0;0.0
330020;09-02-2024 18:00:00;179.0;6.0;0.0
330020;09-02-2024 19:00:00;247.0;6.0;0.0
330020;09-02-2024 20:00:00;180.0;6.0;0.0
330020;09-02-2024 21:00:00;239.0;3.0;0.0
330020;09-02-2024 22:00:00;280.0;4.0;0.0
330020;09-02-2024 23:00:00;184.0;5.0;0.0
330020;10-02-2024 00:00:00;204.0;6.0;0.0
330020;10-02-2024 01:00:00;196.0;4.0;0.0
330020;10-02-2024 02:00:00;183.0;2.0;0.0
330020;10-02-2024 03:00:00;0.0;0.0;0.0
330020;10-02-2024 04:00:00;163.0;1.0;0.0
330020;10-02-2024 05:00:00;150.0;1.0;0.0
330020;10-02-2024 06:00:00;166.0;1.0;0.0
330020;10-02-2024 07:00:00;310.0;1.0;0.0
330020;10-02-2024 08:00:00;0.0;0.0;0.0
330020;10-02-2024 09:00:00;22.0;1.0;0.0
330020;10-02-2024 10:00:00;0.0;0.0;0.0
330020;10-02-2024 11:00:00;0.0;0.0;0.0
330020;10-02-2024 12:00:00;342.0;2.0;0.0
330020;10-02-2024 13:00:00;240.0;2.0;0.0
330020;10-02-2024 14:00:00;300.0;2.0;0.0
330020;10-02-2024 15:00:00;230.0;3.0;0.0
330020;10-02-2024 16:00:00;240.0;3.0;0.0
330020;10-02-2024 17:00:00;220.0;3.0;0.0
330020;10-02-2024 18:00:00;220.0;4.0;0.0
330020;10-02-2024 19:00:00;230.0;5.0;0.0
330020;10-02-2024 20:00:00;220.0;4.0;0.0
330020;10-02-2024 21:00:00;240.0;5.0;0.0
330020;10-02-2024 22:00:00;210.0;4.0;0.0
330020;10-02-2024 23:00:00;200.0;5.0;0.0
330020;11-02-2024 00:00:00;190.0;3.0;0.0
330020;11-02-2024 01:00:00;170.0;3.0;0.0
330020;11-02-2024 02:00:00;168.0;2.0;0.0
330020;11-02-2024 03:00:00;170.0;2.0;0.0
330020;11-02-2024 04:00:00;186.0;2.0;0.0
330020;11-02-2024 05:00:00;180.0;1.0;0.0
330020;11-02-2024 06:00:00;0.0;0.0;0.0
330020;11-02-2024 07:00:00;0.0;0.0;0.0
330020;11-02-2024 08:00:00;0.0;0.0;0.0
330020;11-02-2024 09:00:00;0.0;0.0;0.0
330020;11-02-2024 10:00:00;0.0;0.0;0.0
330020;11-02-2024 11:00:00;160.0;1.0;0.0
330020;11-02-2024 12:00:00;200.0;2.0;0.0
330020;11-02-2024 13:00:00;0.0;0.0;0.0
330020;11-02-2024 14:00:00;150.0;3.0;0.0
330020;11-02-2024 15:00:00;260.0;5.0;0.0
330020;11-02-2024 16:00:00;230.0;7.0;0.0
330020;11-02-2024 17:00:00;250.0;1.0;0.0
330020;11-02-2024 18:00:00;230.0;14.0;0.0
330020;11-02-2024 19:00:00;230.0;11.0;0.0
330020;11-02-2024 20:00:00;200.0;5.0;0.0
330020;11-02-2024 21:00:00;210.0;12.0;0.0
330020;11-02-2024 22:00:00;240.0;12.0;0.0
330020;11-02-2024 23:00:00;210.0;12.0;0.0
330020;12-02-2024 00:00:00;200.0;5.0;0.0
330020;12-02-2024 01:00:00;172.0;3.0;0.0
330020;12-02-2024 02:00:00;192.0;2.0;0.0
330020;12-02-2024 03:00:00;230.0;2.0;0.0
330020;12-02-2024 04:00:00;176.0;1.0;0.0
330020;12-02-2024 05:00:00;250.0;1.0;0.0
330020;12-02-2024 06:00:00;332.0;1.0;0.0
330020;12-02-2024 07:00:00;0.0;0.0;0.0
330020;12-02-2024 08:00:00;351.0;1.0;0.0
330020;12-02-2024 09:00:00;260.0;1.0;0.0
330020;12-02-2024 10:00:00;270.0;11.0;0.0
330020;12-02-2024 11:00:00;0.0;0.0;0.0
330020;12-02-2024 12:00:00;0.0;0.0;0.0
330020;12-02-2024 13:00:00;332.0;2.0;0.0
330020;12-02-2024 14:00:00;166.0;1.0;0.0
330020;12-02-2024 15:00:00;344.0;2.0;0.0
330020;12-02-2024 16:00:00;290.0;2.0;0.0
330020;12-02-2024 17:00:00;297.0;2.0;0.0
330020;12-02-2024 18:00:00;180.0;3.0;0.0
330020;12-02-2024 19:00:00;182.0;2.0;0.0
330020;12-02-2024 20:00:00;243.0;2.0;0.0
330020;12-02-2024 21:00:00;207.0;2.0;0.0
330020;12-02-2024 22:00:00;210.0;2.0;0.0
330020;12-02-2024 23:00:00;196.0;3.0;0.0
330020;13-02-2024 00:00:00;193.0;2.0;0.0
330020;13-02-2024 01:00:00;198.0;1.0;0.0
330020;13-02-2024 02:00:00;0.0;0.0;0.0
330020;13-02-2024 03:00:00;0.0;0.0;0.0
330020;13-02-2024 04:00:00;188.0;1.0;0.0
330020;13-02-2024 05:00:00;0.0;0.0;0.0
330020;13-02-2024 06:00:00;0.0;0.0;0.0
330020;13-02-2024 07:00:00;0.0;0.0;0.0
330020;13-02-2024 08:00:00;0.0;0.0;0.0
330020;13-02-2024 09:00:00;0.0;0.0;0.0
330020;13-02-2024 10:00:00;0.0;0.0;0.0
330020;13-02-2024 11:00:00;0.0;0.0;0.0
330020;13-02-2024 12:00:00;0.0;0.0;0.0
330020;13-02-2024 13:00:00;150.0;2.0;0.0
330020;13-02-2024 14:00:00;210.0;3.0;0.0
330020;13-02-2024 15:00:00;210.0;4.0;0.0
330020;13-02-2024 16:00:00;220.0;4.0;0.0
330020;13-02-2024 17:00:00;210.0;4.0;0.0
330020;13-02-2024 18:00:00;200.0;5.0;0.0
330020;13-02-2024 19:00:00;200.0;4.0;0.0
330020;13-02-2024 20:00:00;230.0;6.0;0.0
330020;13-02-2024 21:00:00;210.0;5.0;0.0
330020;13-02-2024 22:00:00;200.0;5.0;0.0
330020;13-02-2024 23:00:00;200.0;5.0;0.0
330020;14-02-2024 00:00:00;200.0;3.0;0.0
330020;14-02-2024 01:00:00;191.0;4.0;0.0
330020;14-02-2024 02:00:00;186.0;2.0;0.0
330020;14-02-2024 03:00:00;190.0;2.0;0.0
330020;14-02-2024 04:00:00;182.0;2.0;0.0
330020;14-02-2024 05:00:00;166.0;1.0;0.0
330020;14-02-2024 06:00:00;260.0;1.0;0.0
330020;14-02-2024 07:00:00;0.0;0.0;0.0
330020;14-02-2024 08:00:00;0.0;0.0;0.0
330020;14-02-2024 09:00:00;0.0;0.0;0.0
330020;14-02-2024 10:00:00;0.0;0.0;0.0
330020;14-02-2024 11:00:00;0.0;0.0;0.0
330020;14-02-2024 12:00:00;170.0;3.0;0.0
330020;14-02-2024 13:00:00;200.0;2.0;0.0
330020;14-02-2024 14:00:00;220.0;3.0;0.0
330020;14-02-2024 15:00:00;200.0;4.0;0.0
330020;14-02-2024 16:00:00;230.0;2.0;0.0
330020;14-02-2024 17:00:00;210.0;4.0;0.0
330020;14-02-2024 18:00:00;220.0;3.0;0.0
330020;14-02-2024 19:00:00;210.0;4.0;0.0
330020;14-02-2024 20:00:00;210.0;4.0;0.0
330020;14-02-2024 21:00:00;220.0;3.0;0.0
330020;14-02-2024 22:00:00;220.0;4.0;0.0
330020;14-02-2024 23:00:00;210.0;4.0;0.0
330020;15-02-2024 00:00:00;200.0;4.0;0.0
330020;15-02-2024 01:00:00;200.0;2.0;0.0
330020;15-02-2024 02:00:00;182.0;2.0;0.0
330020;15-02-2024 03:00:00;190.0;1.0;0.0
330020;15-02-2024 04:00:00;0.0;0.0;0.0
330020;15-02-2024 05:00:00;180.0;2.0;0.0
330020;15-02-2024 06:00:00;170.0;1.0;0.0
330020;15-02-2024 07:00:00;0.0;0.0;0.0
330020;15-02-2024 08:00:00;289.0;1.0;0.0
330020;15-02-2024 09:00:00;0.0;0.0;0.0
330020;15-02-2024 10:00:00;150.0;2.0;0.0
330020;15-02-2024 11:00:00;0.0;0.0;0.0
330020;15-02-2024 12:00:00;290.0;1.0;0.0
330020;15-02-2024 13:00:00;280.0;3.0;0.0
330020;15-02-2024 14:00:00;30.0;3.0;0.0
330020;15-02-2024 15:00:00;15.0;1.0;0.0
330020;15-02-2024 16:00:00;190.0;7.0;0.0
330020;15-02-2024 17:00:00;180.0;12.0;0.0
330020;15-02-2024 18:00:00;240.0;12.0;0.0
330020;15-02-2024 19:00:00;225.0;11.0;0.0
330020;15-02-2024 20:00:00;210.0;10.0;0.0
330020;15-02-2024 21:00:00;270.0;10.0;0.0
330020;15-02-2024 22:00:00;160.0;15.0;0.0
330020;15-02-2024 23:00:00;210.0;7.0;0.0
330020;16-02-2024 00:00:00;210.0;7.0;0.0
330020;16-02-2024 01:00:00;179.0;2.0;0.0
330020;16-02-2024 02:00:00;167.0;1.0;0.0
330020;16-02-2024 03:00:00;160.0;1.0;0.0
330020;16-02-2024 04:00:00;0.0;0.0;0.0
330020;16-02-2024 05:00:00;0.0;0.0;0.0
330020;16-02-2024 06:00:00;0.0;0.0;0.0
330020;16-02-2024 07:00:00;0.0;0.0;0.0
330020;16-02-2024 08:00:00;0.0;0.0;0.0
330020;16-02-2024 09:00:00;150.0;1.0;0.0
330020;16-02-2024 10:00:00;0.0;0.0;0.0
330020;16-02-2024 11:00:00;0.0;0.0;0.0
330020;16-02-2024 12:00:00;0.0;0.0;0.0
330020;16-02-2024 13:00:00;207.0;2.0;0.0
330020;16-02-2024 14:00:00;231.0;1.0;0.0
330020;16-02-2024 15:00:00;201.0;3.0;0.0
330020;16-02-2024 16:00:00;246.0;3.0;0.0
330020;16-02-2024 17:00:00;231.0;3.0;0.0
330020;16-02-2024 18:00:00;213.0;8.0;0.0
330020;16-02-2024 19:00:00;220.0;1.0;0.0
330020;16-02-2024 20:00:00;204.0;3.0;0.0
330020;16-02-2024 21:00:00;208.0;4.0;0.0
330020;16-02-2024 22:00:00;214.0;5.0;0.0
330020;16-02-2024 23:00:00;204.0;4.0;0.0
330020;17-02-2024 00:00:00;150.0;4.0;0.0
330020;17-02-2024 01:00:00;185.0;3.0;0.0
330020;17-02-2024 02:00:00;159.0;2.0;0.0
330020;17-02-2024 03:00:00;181.0;3.0;0.0
330020;17-02-2024 04:00:00;0.0;0.0;0.0
330020;17-02-2024 05:00:00;0.0;0.0;0.0
330020;17-02-2024 06:00:00;335.0;1.0;0.0
330020;17-02-2024 07:00:00;0.0;0.0;0.0
330020;17-02-2024 08:00:00;269.0;1.0;0.0
330020;17-02-2024 09:00:00;0.0;0.0;0.0
330020;17-02-2024 10:00:00;0.0;0.0;0.0
330020;17-02-2024 11:00:00;0.0;0.0;0.0
330020;17-02-2024 12:00:00;0.0;0.0;0.0
330020;17-02-2024 13:00:00;7.0;2.0;0.0
330020;17-02-2024 14:00:00;290.0;1.0;0.0
330020;17-02-2024 15:00:00;240.0;3.0;0.0
330020;17-02-2024 16:00:00;210.0;3.0;0.0
330020;17-02-2024 17:00:00;240.0;4.0;0.0
330020;17-02-2024 18:00:00;190.0;5.0;0.0
330020;17-02-2024 19:00:00;210.0;5.0;0.0
330020;17-02-2024 20:00:00;220.0;5.0;0.0
330020;17-02-2024 21:00:00;200.0;5.0;0.0
330020;17-02-2024 22:00:00;200.0;3.0;0.0
330020;17-02-2024 23:00:00;230.0;3.0;0.0
330020;18-02-2024 00:00:00;200.0;2.0;0.0
330020;18-02-2024 01:00:00;182.0;2.0;0.0
330020;18-02-2024 02:00:00;224.0;2.0;0.0
330020;18-02-2024 03:00:00;240.0;1.0;0.0
330020;18-02-2024 04:00:00;185.0;1.0;0.0
330020;18-02-2024 05:00:00;309.0;1.0;0.0
330020;18-02-2024 06:00:00;340.0;1.0;0.0
330020;18-02-2024 07:00:00;0.0;0.0;0.0
330020;18-02-2024 08:00:00;0.0;0.0;0.0
330020;18-02-2024 09:00:00;0.0;0.0;0.0
330020;18-02-2024 10:00:00;0.0;0.0;0.0
330020;18-02-2024 11:00:00;0.0;0.0;0.0
330020;18-02-2024 12:00:00;0.0;0.0;0.0
330020;18-02-2024 13:00:00;180.0;3.0;0.0
330020;18-02-2024 14:00:00;250.0;5.0;0.0
330020;18-02-2024 15:00:00;240.0;3.0;0.0
330020;18-02-2024 16:00:00;105.0;3.0;0.0
330020;18-02-2024 17:00:00;190.0;1.0;0.0
330020;18-02-2024 18:00:00;240.0;12.0;0.0
330020;18-02-2024 19:00:00;210.0;9.0;0.0
330020;18-02-2024 20:00:00;220.0;7.0;0.0
330020;18-02-2024 21:00:00;270.0;11.0;0.0
330020;18-02-2024 22:00:00;215.0;7.0;0.0
330020;18-02-2024 23:00:00;260.0;15.0;0.0
330020;19-02-2024 00:00:00;220.0;3.0;0.0
330020;19-02-2024 01:00:00;166.0;3.0;0.0
330020;19-02-2024 02:00:00;180.0;2.0;0.0
330020;19-02-2024 03:00:00;215.0;5.0;0.0
330020;19-02-2024 04:00:00;184.0;1.0;0.0
330020;19-02-2024 05:00:00;0.0;0.0;0.0
330020;19-02-2024 06:00:00;0.0;0.0;0.0
330020;19-02-2024 07:00:00;166.0;2.0;0.0
330020;19-02-2024 08:00:00;179.0;1.0;0.0
330020;19-02-2024 09:00:00;0.0;0.0;0.0
330020;19-02-2024 10:00:00;0.0;0.0;0.0
330020;19-02-2024 11:00:00;215.0;1.0;0.0
330020;19-02-2024 12:00:00;143.0;3.0;0.0
330020;19-02-2024 13:00:00;0.0;0.0;0.0
330020;19-02-2024 14:00:00;230.0;5.0;0.0
330020;19-02-2024 15:00:00;196.0;1.0;0.0
330020;19-02-2024 16:00:00;213.0;5.0;0.0
330020;19-02-2024 17:00:00;175.0;4.0;0.0
330020;19-02-2024 18:00:00;161.0;1.0;0.0
330020;19-02-2024 19:00:00;169.0;1.0;0.0
330020;19-02-2024 20:00:00;248.0;6.0;0.0
330020;19-02-2024 21:00:00;241.0;6.0;0.0
330020;19-02-2024 22:00:00;178.0;2.0;0.0
330020;19-02-2024 23:00:00;223.0;1.0;0.0
330020;20-02-2024 00:00:00;198.0;1.0;0.0
330020;20-02-2024 01:00:00;178.0;3.0;0.0
330020;20-02-2024 02:00:00;203.0;2.0;0.0
330020;20-02-2024 03:00:00;213.0;3.0;0.0
330020;20-02-2024 04:00:00;183.0;2.0;0.0
330020;20-02-2024 05:00:00;192.0;2.0;0.0
330020;20-02-2024 06:00:00;226.0;1.0;0.0
330020;20-02-2024 07:00:00;199.0;1.0;0.0
330020;20-02-2024 08:00:00;208.0;1.0;0.0
330020;20-02-2024 09:00:00;233.0;1.0;0.0
330020;20-02-2024 10:00:00;134.0;2.0;0.0
330020;20-02-2024 11:00:00;0.0;0.0;0.0
330020;20-02-2024 12:00:00;240.0;3.0;0.0
330020;20-02-2024 13:00:00;140.0;3.0;0.0
330020;20-02-2024 14:00:00;0.0;0.0;0.0
330020;20-02-2024 15:00:00;250.0;3.0;0.0
330020;20-02-2024 16:00:00;0.0;0.0;0.0
330020;20-02-2024 17:00:00;0.0;0.0;0.0
330020;20-02-2024 18:00:00;200.0;4.0;0.0
330020;20-02-2024 19:00:00;220.0;4.0;0.0
330020;20-02-2024 20:00:00;210.0;5.0;0.0
330020;20-02-2024 21:00:00;210.0;5.0;0.0
330020;20-02-2024 22:00:00;200.0;5.0;0.0
330020;20-02-2024 23:00:00;190.0;5.0;0.0
330020;21-02-2024 00:00:00;190.0;4.0;0.0
330020;21-02-2024 01:00:00;181.0;2.0;0.0
330020;21-02-2024 02:00:00;175.0;2.0;0.0
330020;21-02-2024 03:00:00;0.0;0.0;0.0
330020;21-02-2024 04:00:00;0.0;0.0;0.0
330020;21-02-2024 05:00:00;0.0;0.0;0.0
330020;21-02-2024 06:00:00;0.0;0.0;0.0
330020;21-02-2024 07:00:00;182.0;3.0;0.0
330020;21-02-2024 08:00:00;170.0;2.0;0.0
330020;21-02-2024 09:00:00;0.0;0.0;0.0
330020;21-02-2024 10:00:00;0.0;0.0;0.0
330020;21-02-2024 11:00:00;0.0;0.0;0.0
330020;21-02-2024 12:00:00;280.0;1.0;0.0
330020;21-02-2024 13:00:00;270.0;2.0;0.0
330020;21-02-2024 14:00:00;320.0;1.0;0.0
330020;21-02-2024 15:00:00;200.0;3.0;0.0
330020;21-02-2024 16:00:00;180.0;3.0;0.0
330020;21-02-2024 17:00:00;230.0;2.0;0.0
330020;21-02-2024 18:00:00;230.0;5.0;0.0
330020;21-02-2024 19:00:00;240.0;6.0;0.0
330020;21-02-2024 20:00:00;210.0;4.0;0.0
330020;21-02-2024 21:00:00;200.0;6.0;0.0
330020;21-02-2024 22:00:00;230.0;5.0;0.0
330020;21-02-2024 23:00:00;200.0;4.0;0.0
330020;22-02-2024 00:00:00;190.0;5.0;0.0
330020;22-02-2024 01:00:00;184.0;3.0;0.0
330020;22-02-2024 02:00:00;186.0;4.0;0.0
330020;22-02-2024 03:00:00;180.0;3.0;0.0
330020;22-02-2024 04:00:00;187.0;2.0;0.0
330020;22-02-2024 05:00:00;225.0;2.0;0.0
330020;22-02-2024 06:00:00;223.0;1.0;0.0
330020;22-02-2024 07:00:00;163.0;1.0;0.0
330020;22-02-2024 08:00:00;191.0;1.0;0.0
330020;22-02-2024 09:00:00;200.0;2.0;0.0
330020;22-02-2024 10:00:00;0.0;0.0;0.0
330020;22-02-2024 11:00:00;140.0;2.0;0.0
330020;22-02-2024 12:00:00;140.0;1.0;0.0
330020;22-02-2024 13:00:00;230.0;1.0;0.0
330020;22-02-2024 14:00:00;140.0;5.0;0.0
330020;22-02-2024 15:00:00;200.0;7.0;0.0
330020;22-02-2024 16:00:00;230.0;3.0;0.0
330020;22-02-2024 17:00:00;160.0;10.0;0.0
330020;22-02-2024 18:00:00;250.0;7.0;0.0
330020;22-02-2024 19:00:00;190.0;9.0;0.0
330020;22-02-2024 20:00:00;210.0;5.0;0.0
330020;22-02-2024 21:00:00;160.0;1.0;0.0
330020;22-02-2024 22:00:00;200.0;5.0;0.0
330020;22-02-2024 23:00:00;140.0;1.0;0.0
330020;23-02-2024 00:00:00;0.0;0.0;0.0
330020;23-02-2024 01:00:00;304.0;1.0;0.0
330020;23-02-2024 02:00:00;0.0;0.0;0.0
330020;23-02-2024 03:00:00;0.0;0.0;0.0
330020;23-02-2024 04:00:00;0.0;0.0;0.0
330020;23-02-2024 05:00:00;35.0;1.0;0.0
330020;23-02-2024 06:00:00;0.0;0.0;0.0
330020;23-02-2024 07:00:00;0.0;0.0;0.0
330020;23-02-2024 08:00:00;0.0;0.0;0.0
330020;23-02-2024 09:00:00;0.0;0.0;0.0
330020;23-02-2024 10:00:00;0.0;0.0;0.0
330020;23-02-2024 11:00:00;0.0;0.0;0.0
330020;23-02-2024 12:00:00;0.0;0.0;0.0
330020;23-02-2024 13:00:00;0.0;0.0;0.0
330020;23-02-2024 14:00:00;239.0;1.0;0.0
330020;23-02-2024 15:00:00;241.0;2.0;0.0
330020;23-02-2024 16:00:00;287.0;2.0;0.0
330020;23-02-2024 17:00:00;164.0;2.0;0.0
330020;23-02-2024 18:00:00;196.0;5.0;0.0
330020;23-02-2024 19:00:00;253.0;7.0;0.0
330020;23-02-2024 20:00:00;252.0;3.0;0.0
330020;23-02-2024 21:00:00;232.0;3.0;0.0
330020;23-02-2024 22:00:00;234.0;3.0;0.0
330020;23-02-2024 23:00:00;188.0;4.0;0.0
330020;24-02-2024 00:00:00;225.0;3.0;0.0
330020;24-02-2024 01:00:00;170.0;4.0;0.0
330020;24-02-2024 02:00:00;190.0;2.0;0.0
330020;24-02-2024 03:00:00;170.0;3.0;0.0
330020;24-02-2024 04:00:00;142.0;1.0;0.0
330020;24-02-2024 05:00:00;0.0;0.0;0.0
330020;24-02-2024 06:00:00;0.0;0.0;0.0
330020;24-02-2024 07:00:00;0.0;0.0;0.0
330020;24-02-2024 08:00:00;141.0;1.0;0.0
330020;24-02-2024 09:00:00;0.0;0.0;0.0
330020;24-02-2024 10:00:00;0.0;0.0;0.0
330020;24-02-2024 11:00:00;0.0;0.0;0.0
330020;24-02-2024 12:00:00;0.0;0.0;0.0
330020;24-02-2024 13:00:00;0.0;0.0;0.0
330020;24-02-2024 14:00:00;0.0;0.0;0.0
330020;24-02-2024 15:00:00;0.0;0.0;0.0
330020;24-02-2024 16:00:00;250.0;3.0;0.0
330020;24-02-2024 17:00:00;0.0;0.0;0.0
330020;24-02-2024 18:00:00;200.0;3.0;0.0
330020;24-02-2024 19:00:00;210.0;3.0;0.0
330020;24-02-2024 20:00:00;230.0;4.0;0.0
330020;24-02-2024 21:00:00;220.0;5.0;0.0
330020;24-02-2024 22:00:00;200.0;5.0;0.0
330020;24-02-2024 23:00:00;200.0;4.0;0.0
330020;25-02-2024 00:00:00;180.0;4.0;0.0
330020;25-02-2024 01:00:00;171.0;3.0;0.0
330020;25-02-2024 02:00:00;183.0;2.0;0.0
330020;25-02-2024 03:00:00;0.0;0.0;0.0
330020;25-02-2024 04:00:00;0.0;0.0;0.0
330020;25-02-2024 05:00:00;0.0;0.0;0.0
330020;25-02-2024 06:00:00;0.0;0.0;0.0
330020;25-02-2024 07:00:00;0.0;0.0;0.0
330020;25-02-2024 08:00:00;0.0;0.0;0.0
330020;25-02-2024 09:00:00;0.0;0.0;0.0
330020;25-02-2024 10:00:00;0.0;0.0;0.0
330020;25-02-2024 11:00:00;0.0;0.0;0.0
330020;25-02-2024 12:00:00;0.0;0.0;0.0
330020;25-02-2024 13:00:00;240.0;1.0;0.0
330020;25-02-2024 14:00:00;200.0;1.0;0.0
330020;25-02-2024 15:00:00;260.0;1.0;0.0
330020;25-02-2024 16:00:00;260.0;4.0;0.0
330020;25-02-2024 17:00:00;260.0;3.0;0.0
330020;25-02-2024 18:00:00;220.0;4.0;0.0
330020;25-02-2024 19:00:00;200.0;6.0;0.0
330020;25-02-2024 20:00:00;230.0;6.0;0.0
330020;25-02-2024 21:00:00;200.0;5.0;0.0
330020;25-02-2024 22:00:00;220.0;4.0;0.0
330020;25-02-2024 23:00:00;190.0;5.0;0.0
330020;26-02-2024 00:00:00;190.0;5.0;0.0
330020;26-02-2024 01:00:00;180.0;4.0;0.0
330020;26-02-2024 02:00:00;180.0;3.0;0.0
330020;26-02-2024 03:00:00;170.0;2.0;0.0
330020;26-02-2024 04:00:00;193.0;1.0;0.0
330020;26-02-2024 05:00:00;0.0;0.0;0.0
330020;26-02-2024 06:00:00;150.0;1.0;0.0
330020;26-02-2024 07:00:00;252.0;1.0;0.0
330020;26-02-2024 08:00:00;0.0;0.0;0.0
330020;26-02-2024 09:00:00;0.0;0.0;0.0
330020;26-02-2024 10:00:00;0.0;0.0;0.0
330020;26-02-2024 11:00:00;0.0;0.0;0.0
330020;26-02-2024 12:00:00;0.0;0.0;0.0
330020;26-02-2024 13:00:00;250.0;5.0;0.0
330020;26-02-2024 14:00:00;0.0;0.0;0.0
330020;26-02-2024 15:00:00;200.0;5.0;0.0
330020;26-02-2024 16:00:00;290.0;5.0;0.0
330020;26-02-2024 17:00:00;230.0;3.0;0.0
330020;26-02-2024 18:00:00;180.0;3.0;0.0
330020;26-02-2024 19:00:00;250.0;12.0;0.0
330020;26-02-2024 20:00:00;150.0;1.0;0.0
330020;26-02-2024 21:00:00;270.0;10.0;0.0
330020;26-02-2024 22:00:00;250.0;5.0;0.0
330020;26-02-2024 23:00:00;240.0;12.0;0.0
330020;27-02-2024 00:00:00;240.0;3.0;0.0
330020;27-02-2024 01:00:00;177.0;3.0;0.0
330020;27-02-2024 02:00:00;169.0;1.0;0.0
330020;27-02-2024 03:00:00;0.0;0.0;0.0
330020;27-02-2024 04:00:00;0.0;0.0;0.0
330020;27-02-2024 05:00:00;0.0;0.0;0.0
330020;27-02-2024 06:00:00;0.0;0.0;0.0
330020;27-02-2024 07:00:00;0.0;0.0;0.0
330020;27-02-2024 08:00:00;0.0;0.0;0.0
330020;27-02-2024 09:00:00;0.0;0.0;0.0
330020;27-02-2024 10:00:00;0.0;0.0;0.0
330020;27-02-2024 11:00:00;0.0;0.0;0.0
330020;27-02-2024 12:00:00;264.0;1.0;0.0
330020;27-02-2024 13:00:00;33.0;1.0;0.0
330020;27-02-2024 14:00:00;208.0;2.0;0.0
330020;27-02-2024 15:00:00;0.0;0.0;0.0
330020;27-02-2024 16:00:00;0.0;0.0;0.0
330020;27-02-2024 17:00:00;155.0;2.0;0.0
330020;27-02-2024 18:00:00;154.0;5.0;0.0
330020;27-02-2024 19:00:00;270.0;2.0;0.0
330020;27-02-2024 20:00:00;262.0;2.0;0.0
330020;27-02-2024 21:00:00;165.0;4.0;0.0
330020;27-02-2024 22:00:00;209.0;4.0;0.0
330020;27-02-2024 23:00:00;240.0;2.0;0.0
330020;28-02-2024 00:00:00;154.0;5.0;0.0
330020;28-02-2024 01:00:00;179.0;3.0;0.0
330020;28-02-2024 02:00:00;178.0;3.0;0.0
330020;28-02-2024 03:00:00;206.0;1.0;0.0
330020;28-02-2024 04:00:00;0.0;0.0;0.0
330020;28-02-2024 05:00:00;261.0;1.0;0.0
330020;28-02-2024 06:00:00;0.0;0.0;0.0
330020;28-02-2024 07:00:00;0.0;0.0;0.0
330020;28-02-2024 08:00:00;0.0;0.0;0.0
330020;28-02-2024 09:00:00;0.0;0.0;0.0
330020;28-02-2024 10:00:00;0.0;0.0;0.0
330020;28-02-2024 11:00:00;0.0;0.0;0.0
330020;28-02-2024 12:00:00;0.0;0.0;0.0
330020;28-02-2024 13:00:00;0.0;0.0;0.0
330020;28-02-2024 14:00:00;0.0;0.0;0.0
330020;28-02-2024 15:00:00;0.0;0.0;0.0
330020;28-02-2024 16:00:00;0.0;0.0;0.0
330020;28-02-2024 17:00:00;240.0;3.0;0.0
330020;28-02-2024 18:00:00;0.0;0.0;0.0
330020;28-02-2024 19:00:00;230.0;3.0;0.0
330020;28-02-2024 20:00:00;190.0;4.0;0.0
330020;28-02-2024 21:00:00;220.0;5.0;0.0
330020;28-02-2024 22:00:00;210.0;4.0;0.0
330020;28-02-2024 23:00:00;230.0;4.0;0.0
330020;29-02-2024 00:00:00;190.0;4.0;0.0
330020;29-02-2024 01:00:00;167.0;3.0;0.0
330020;29-02-2024 02:00:00;185.0;2.0;0.0
330020;29-02-2024 03:00:00;0.0;0.0;0.0
330020;29-02-2024 04:00:00;0.0;0.0;0.0
330020;29-02-2024 05:00:00;0.0;0.0;0.0
330020;29-02-2024 06:00:00;0.0;0.0;0.0
330020;29-02-2024 07:00:00;0.0;0.0;0.0
330020;29-02-2024 08:00:00;0.0;0.0;0.0
330020;29-02-2024 09:00:00;0.0;0.0;0.0
330020;29-02-2024 10:00:00;0.0;0.0;0.0
330020;29-02-2024 11:00:00;0.0;0.0;0.0
330020;29-02-2024 12:00:00;0.0;0.0;0.0
330020;29-02-2024 13:00:00;0.0;0.0;0.0
330020;29-02-2024 14:00:00;230.0;2.0;0.0
330020;29-02-2024 15:00:00;250.0;3.0;0.0
330020;29-02-2024 16:00:00;170.0;3.0;0.0
330020;29-02-2024 17:00:00;230.0;3.0;0.0
330020;29-02-2024 18:00:00;260.0;5.0;0.0
330020;29-02-2024 19:00:00;200.0;4.0;0.0
330020;29-02-2024 20:00:00;200.0;3.0;0.0
330020;29-02-2024 21:00:00;210.0;3.0;0.0
330020;29-02-2024 22:00:00;200.0;4.0;0.0
330020;29-02-2024 23:00:00;200.0;4.0;0.0
330020;01-03-2024 00:00:00;180.0;4.0;0.0
330020;01-03-2024 01:00:00;182.0;2.0;0.0
330020;01-03-2024 02:00:00;162.0;2.0;0.0
330020;01-03-2024 03:00:00;150.0;1.0;0.0
330020;01-03-2024 04:00:00;0.0;0.0;0.0
330020;01-03-2024 05:00:00;0.0;0.0;0.0
330020;01-03-2024 06:00:00;0.0;0.0;0.0
330020;01-03-2024 07:00:00;0.0;0.0;0.0
330020;01-03-2024 08:00:00;0.0;0.0;0.0
330020;01-03-2024 09:00:00;0.0;0.0;0.0
330020;01-03-2024 10:00:00;0.0;0.0;0.0
330020;01-03-2024 11:00:00;0.0;0.0;0.0
330020;01-03-2024 12:00:00;0.0;0.0;0.0
330020;01-03-2024 13:00:00;140.0;1.0;0.0
330020;01-03-2024 14:00:00;0.0;0.0;0.0
330020;01-03-2024 15:00:00;330.0;1.0;0.0
330020;01-03-2024 16:00:00;260.0;9.0;0.0
330020;01-03-2024 17:00:00;190.0;3.0;0.0
330020;01-03-2024 18:00:00;160.0;12.0;0.0
330020;01-03-2024 19:00:00;210.0;11.0;0.0
330020;01-03-2024 20:00:00;160.0;2.0;0.0
330020;01-03-2024 21:00:00;200.0;5.0;0.0
330020;01-03-2024 22:00:00;190.0;7.0;0.0
330020;01-03-2024 23:00:00;215.0;9.0;0.0
330020;02-03-2024 00:00:00;190.0;12.0;0.0
330020;02-03-2024 01:00:00;181.0;2.0;0.0
330020;02-03-2024 02:00:00;0.0;0.0;0.0
330020;02-03-2024 03:00:00;0.0;0.0;0.0
330020;02-03-2024 04:00:00;0.0;0.0;0.0
330020;02-03-2024 05:00:00;0.0;0.0;0.0
330020;02-03-2024 06:00:00;0.0;0.0;0.0
330020;02-03-2024 07:00:00;0.0;0.0;0.0
330020;02-03-2024 08:00:00;0.0;0.0;0.0
330020;02-03-2024 09:00:00;0.0;0.0;0.0
330020;02-03-2024 10:00:00;210.0;1.0;0.0
330020;02-03-2024 11:00:00;0.0;0.0;0.0
330020;02-03-2024 12:00:00;0.0;0.0;0.0
330020;02-03-2024 13:00:00;0.0;0.0;0.0
330020;02-03-2024 14:00:00;0.0;0.0;0.0
330020;02-03-2024 15:00:00;0.0;0.0;0.0
330020;02-03-2024 16:00:00;0.0;0.0;0.0
330020;02-03-2024 17:00:00;0.0;0.0;0.0
330020;02-03-2024 18:00:00;210.0;4.0;0.0
330020;02-03-2024 19:00:00;0.0;0.0;0.0
330020;02-03-2024 20:00:00;210.0;4.0;0.0
330020;02-03-2024 21:00:00;230.0;4.0;0.0
330020;02-03-2024 22:00:00;210.0;4.0;0.0
330020;02-03-2024 23:00:00;230.0;3.0;0.0
330020;03-03-2024 00:00:00;0.0;0.0;0.0
330020;03-03-2024 01:00:00;181.0;3.0;0.0
330020;03-03-2024 02:00:00;172.0;1.0;0.0
330020;03-03-2024 03:00:00;0.0;0.0;0.0
330020;03-03-2024 04:00:00;0.0;0.0;0.0
330020;03-03-2024 05:00:00;313.0;1.0;0.0
330020;03-03-2024 06:00:00;0.0;0.0;0.0
330020;03-03-2024 07:00:00;0.0;0.0;0.0
330020;03-03-2024 08:00:00;0.0;0.0;0.0
330020;03-03-2024 09:00:00;0.0;0.0;0.0
330020;03-03-2024 10:00:00;0.0;0.0;0.0
330020;03-03-2024 11:00:00;0.0;0.0;0.0
330020;03-03-2024 12:00:00;0.0;0.0;0.0
330020;03-03-2024 13:00:00;280.0;1.0;0.0
330020;03-03-2024 14:00:00;280.0;2.0;0.0
330020;03-03-2024 15:00:00;290.0;2.0;0.0
330020;03-03-2024 16:00:00;240.0;4.0;0.0
330020;03-03-2024 17:00:00;220.0;4.0;0.0
330020;03-03-2024 18:00:00;220.0;5.0;0.0
330020;03-03-2024 19:00:00;230.0;5.0;0.0
330020;03-03-2024 20:00:00;200.0;5.0;0.0
330020;03-03-2024 21:00:00;210.0;4.0;0.0
330020;03-03-2024 22:00:00;230.0;5.0;0.0
330020;03-03-2024 23:00:00;190.0;3.0;0.0
330020;04-03-2024 00:00:00;180.0;3.0;0.0
330020;04-03-2024 01:00:00;166.0;2.0;0.0
330020;04-03-2024 02:00:00;0.0;0.0;0.0
330020;04-03-2024 03:00:00;190.0;2.0;0.0
330020;04-03-2024 04:00:00;0.0;0.0;0.0
330020;04-03-2024 05:00:00;0.0;0.0;0.0
330020;04-03-2024 06:00:00;0.0;0.0;0.0
330020;04-03-2024 07:00:00;0.0;0.0;0.0
330020;04-03-2024 08:00:00;0.0;0.0;0.0
330020;04-03-2024 09:00:00;0.0;0.0;0.0
330020;04-03-2024 10:00:00;0.0;0.0;0.0
330020;04-03-2024 11:00:00;0.0;0.0;0.0
330020;04-03-2024 12:00:00;0.0;0.0;0.0
330020;04-03-2024 13:00:00;260.0;2.0;0.0
330020;04-03-2024 14:00:00;350.0;1.0;0.0
330020;04-03-2024 15:00:00;270.0;2.0;0.0
330020;04-03-2024 16:00:00;230.0;2.0;0.0
330020;04-03-2024 17:00:00;170.0;2.0;0.0
330020;04-03-2024 18:00:00;220.0;4.0;0.0
330020;04-03-2024 19:00:00;220.0;5.0;0.0
330020;04-03-2024 20:00:00;190.0;5.0;0.0
330020;04-03-2024 21:00:00;210.0;5.0;0.0
330020;04-03-2024 22:00:00;230.0;4.0;0.0
330020;04-03-2024 23:00:00;220.0;4.0;0.0
330020;05-03-2024 00:00:00;160.0;4.0;0.0
330020;05-03-2024 01:00:00;171.0;2.0;0.0
330020;05-03-2024 02:00:00;0.0;0.0;0.0
330020;05-03-2024 03:00:00;0.0;0.0;0.0
330020;05-03-2024 04:00:00;0.0;0.0;0.0
330020;05-03-2024 05:00:00;0.0;0.0;0.0
330020;05-03-2024 06:00:00;0.0;0.0;0.0
330020;05-03-2024 07:00:00;0.0;0.0;0.0
330020;05-03-2024 08:00:00;0.0;0.0;0.0
330020;05-03-2024 09:00:00;0.0;0.0;0.0
330020;05-03-2024 10:00:00;0.0;0.0;0.0
330020;05-03-2024 11:00:00;0.0;0.0;0.0
330020;05-03-2024 12:00:00;0.0;0.0;0.0
330020;05-03-2024 13:00:00;290.0;1.0;0.0
330020;05-03-2024 14:00:00;270.0;1.0;0.0
330020;05-03-2024 15:00:00;270.0;2.0;0.0
330020;05-03-2024 16:00:00;190.0;4.0;0.0
330020;05-03-2024 17:00:00;220.0;4.0;0.0
330020;05-03-2024 18:00:00;230.0;5.0;0.0
330020;05-03-2024 19:00:00;190.0;4.0;0.0
330020;05-03-2024 20:00:00;220.0;5.0;0.0
330020;05-03-2024 21:00:00;200.0;6.0;0.0
330020;05-03-2024 22:00:00;200.0;4.0;0.0
330020;05-03-2024 23:00:00;190.0;5.0;0.0
330020;06-03-2024 00:00:00;170.0;3.0;0.0
330020;06-03-2024 01:00:00;167.0;3.0;0.0
330020;06-03-2024 02:00:00;164.0;1.0;0.0
330020;06-03-2024 03:00:00;0.0;0.0;0.0
330020;06-03-2024 04:00:00;0.0;0.0;0.0
330020;06-03-2024 05:00:00;0.0;0.0;0.0
330020;06-03-2024 06:00:00;0.0;0.0;0.0
330020;06-03-2024 07:00:00;0.0;0.0;0.0
330020;06-03-2024 08:00:00;0.0;0.0;0.0
330020;06-03-2024 09:00:00;0.0;0.0;0.0
330020;06-03-2024 10:00:00;0.0;0.0;0.0
330020;06-03-2024 11:00:00;0.0;0.0;0.0
330020;06-03-2024 12:00:00;0.0;0.0;0.0
330020;06-03-2024 13:00:00;220.0;3.0;0.0
330020;06-03-2024 14:00:00;140.0;1.0;0.0
330020;06-03-2024 15:00:00;220.0;3.0;0.0
330020;06-03-2024 16:00:00;230.0;3.0;0.0
330020;06-03-2024 17:00:00;230.0;1.0;0.0
330020;06-03-2024 18:00:00;215.0;10.0;0.0
330020;06-03-2024 19:00:00;260.0;15.0;0.0
330020;06-03-2024 20:00:00;240.0;14.0;0.0
330020;06-03-2024 21:00:00;260.0;12.0;0.0
330020;06-03-2024 22:00:00;230.0;7.0;0.0
330020;06-03-2024 23:00:00;260.0;3.0;0.0
330020;07-03-2024 00:00:00;170.0;7.0;0.0
330020;07-03-2024 01:00:00;179.0;4.0;0.0
330020;07-03-2024 02:00:00;154.0;1.0;0.0
330020;07-03-2024 03:00:00;220.0;3.0;0.0
330020;07-03-2024 04:00:00;165.0;1.0;0.0
330020;07-03-2024 05:00:00;0.0;0.0;0.0
330020;07-03-2024 06:00:00;0.0;0.0;0.0
330020;07-03-2024 07:00:00;293.0;1.0;0.0
330020;07-03-2024 08:00:00;0.0;0.0;0.0
330020;07-03-2024 09:00:00;0.0;0.0;0.0
330020;07-03-2024 10:00:00;0.0;0.0;0.0
330020;07-03-2024 11:00:00;0.0;0.0;0.0
330020;07-03-2024 12:00:00;0.0;0.0;0.0
330020;07-03-2024 13:00:00;0.0;0.0;0.0
330020;07-03-2024 14:00:00;0.0;0.0;0.0
330020;07-03-2024 15:00:00;0.0;0.0;0.0
330020;07-03-2024 16:00:00;0.0;0.0;0.0
330020;07-03-2024 17:00:00;190.0;3.0;0.0
330020;07-03-2024 18:00:00;200.0;5.0;0.0
330020;07-03-2024 19:00:00;210.0;6.0;0.0
330020;07-03-2024 20:00:00;220.0;5.0;0.0
330020;07-03-2024 21:00:00;200.0;5.0;0.0
330020;07-03-2024 22:00:00;0.0;0.0;0.0
330020;07-03-2024 23:00:00;200.0;5.0;0.0
330020;08-03-2024 00:00:00;190.0;4.0;0.0
330020;08-03-2024 01:00:00;161.0;2.0;0.0
330020;08-03-2024 02:00:00;166.0;3.0;0.0
330020;08-03-2024 03:00:00;0.0;0.0;0.0
330020;08-03-2024 04:00:00;0.0;0.0;0.0
330020;08-03-2024 05:00:00;0.0;0.0;0.0
330020;08-03-2024 06:00:00;0.0;0.0;0.0
330020;08-03-2024 07:00:00;0.0;0.0;0.0
330020;08-03-2024 08:00:00;0.0;0.0;0.0
330020;08-03-2024 09:00:00;0.0;0.0;0.0
330020;08-03-2024 10:00:00;0.0;0.0;0.0
330020;08-03-2024 11:00:00;0.0;0.0;0.0
330020;08-03-2024 12:00:00;0.0;0.0;0.0
330020;08-03-2024 13:00:00;130.0;2.0;0.0
330020;08-03-2024 14:00:00;200.0;1.0;0.0
330020;08-03-2024 15:00:00;0.0;0.0;0.0
330020;08-03-2024 16:00:00;160.0;1.0;0.0
330020;08-03-2024 17:00:00;320.0;3.0;0.0
330020;08-03-2024 18:00:00;30.0;5.0;0.0
330020;08-03-2024 19:00:00;180.0;1.0;0.0
330020;08-03-2024 20:00:00;80.0;4.0;0.0
330020;08-03-2024 21:00:00;150.0;1.0;0.0
330020;08-03-2024 22:00:00;40.0;3.0;0.0
330020;08-03-2024 23:00:00;90.0;1.0;0.0
330020;09-03-2024 00:00:00;320.0;2.0;0.0
330020;09-03-2024 01:00:00;170.0;2.0;0.0
330020;09-03-2024 02:00:00;139.0;1.0;0.0
330020;09-03-2024 03:00:00;0.0;0.0;0.0
330020;09-03-2024 04:00:00;0.0;0.0;0.0
330020;09-03-2024 05:00:00;0.0;0.0;0.0
330020;09-03-2024 06:00:00;0.0;0.0;0.0
330020;09-03-2024 07:00:00;0.0;0.0;0.0
330020;09-03-2024 08:00:00;0.0;0.0;0.0
330020;09-03-2024 09:00:00;0.0;0.0;0.0
330020;09-03-2024 10:00:00;0.0;0.0;0.0
330020;09-03-2024 11:00:00;0.0;0.0;0.0
330020;09-03-2024 12:00:00;0.0;0.0;0.0
330020;09-03-2024 13:00:00;20.0;1.0;0.0
330020;09-03-2024 14:00:00;140.0;1.0;0.0
330020;09-03-2024 15:00:00;10.0;2.0;0.0
330020;09-03-2024 16:00:00;20.0;2.0;0.0
330020;09-03-2024 17:00:00;350.0;2.0;0.0
330020;09-03-2024 18:00:00;70.0;1.0;0.0
330020;09-03-2024 19:00:00;40.0;1.0;0.0
330020;09-03-2024 20:00:00;350.0;2.0;0.0
330020;09-03-2024 21:00:00;80.0;3.0;0.0
330020;09-03-2024 22:00:00;30.0;4.0;0.0
330020;09-03-2024 23:00:00;360.0;2.0;0.0
330020;10-03-2024 00:00:00;30.0;3.0;0.0
330020;10-03-2024 01:00:00;179.0;2.0;0.0
330020;10-03-2024 02:00:00;182.0;2.0;0.0
330020;10-03-2024 03:00:00;330.0;1.0;0.0
330020;10-03-2024 04:00:00;0.0;0.0;0.0
330020;10-03-2024 05:00:00;0.0;0.0;0.0
330020;10-03-2024 06:00:00;0.0;0.0;0.0
330020;10-03-2024 07:00:00;0.0;0.0;0.0
330020;10-03-2024 08:00:00;0.0;0.0;0.0
330020;10-03-2024 09:00:00;0.0;0.0;0.0
330020;10-03-2024 10:00:00;0.0;0.0;0.0
330020;10-03-2024 11:00:00;0.0;0.0;0.0
330020;10-03-2024 12:00:00;0.0;0.0;0.0
330020;10-03-2024 13:00:00;170.0;2.0;0.0
330020;10-03-2024 14:00:00;200.0;3.0;0.0
330020;10-03-2024 15:00:00;100.0;2.0;0.0
330020;10-03-2024 16:00:00;310.0;2.0;0.0
330020;10-03-2024 17:00:00;40.0;2.0;0.0
330020;10-03-2024 18:00:00;350.0;2.0;0.0
330020;10-03-2024 19:00:00;0.0;0.0;0.0
330020;10-03-2024 20:00:00;40.0;6.0;0.0
330020;10-03-2024 21:00:00;350.0;4.0;0.0
330020;10-03-2024 22:00:00;350.0;4.0;0.0
330020;10-03-2024 23:00:00;70.0;4.0;0.0
330020;11-03-2024 00:00:00;40.0;1.0;0.0
330020;11-03-2024 01:00:00;184.0;3.0;0.0
330020;11-03-2024 02:00:00;181.0;3.0;0.0
330020;11-03-2024 03:00:00;0.0;0.0;0.0
330020;11-03-2024 04:00:00;0.0;0.0;0.0
330020;11-03-2024 05:00:00;0.0;0.0;0.0
330020;11-03-2024 06:00:00;0.0;0.0;0.0
330020;11-03-2024 07:00:00;0.0;0.0;0.0
330020;11-03-2024 08:00:00;0.0;0.0;0.0
330020;11-03-2024 09:00:00;0.0;0.0;0.0
330020;11-03-2024 10:00:00;0.0;0.0;0.0
330020;11-03-2024 11:00:00;20.0;1.0;0.0
330020;11-03-2024 12:00:00;0.0;0.0;0.0
330020;11-03-2024 13:00:00;0.0;0.0;0.0
330020;11-03-2024 14:00:00;0.0;0.0;0.0
330020;11-03-2024 15:00:00;0.0;0.0;0.0
330020;11-03-2024 16:00:00;130.0;3.0;0.0
330020;11-03-2024 17:00:00;210.0;4.0;0.0
330020;11-03-2024 18:00:00;240.0;5.0;0.0
330020;11-03-2024 19:00:00;230.0;5.0;0.0
330020;11-03-2024 20:00:00;220.0;5.0;0.0
330020;11-03-2024 21:00:00;210.0;4.0;0.0
330020;11-03-2024 22:00:00;230.0;4.0;0.0
330020;11-03-2024 23:00:00;190.0;4.0;0.0
330020;12-03-2024 00:00:00;190.0;4.0;0.0
330020;12-03-2024 01:00:00;178.0;3.0;0.0
330020;12-03-2024 02:00:00;182.0;4.0;0.0
330020;12-03-2024 03:00:00;0.0;0.0;0.0
330020;12-03-2024 04:00:00;172.0;2.0;0.0
330020;12-03-2024 05:00:00;0.0;0.0;0.0
330020;12-03-2024 06:00:00;0.0;0.0;0.0
330020;12-03-2024 07:00:00;0.0;0.0;0.0
330020;12-03-2024 08:00:00;0.0;0.0;0.0
330020;12-03-2024 09:00:00;0.0;0.0;0.0
330020;12-03-2024 10:00:00;0.0;0.0;0.0
330020;12-03-2024 11:00:00;0.0;0.0;0.0
330020;12-03-2024 12:00:00;0.0;0.0;0.0
330020;12-03-2024 13:00:00;310.0;1.0;0.0
330020;12-03-2024 14:00:00;270.0;2.0;0.0
330020;12-03-2024 15:00:00;30.0;1.0;0.0
330020;12-03-2024 16:00:00;180.0;2.0;0.0
330020;12-03-2024 17:00:00;230.0;2.0;0.0
330020;12-03-2024 18:00:00;240.0;3.0;0.0
330020;12-03-2024 19:00:00;210.0;3.0;0.0
330020;12-03-2024 20:00:00;230.0;5.0;0.0
330020;12-03-2024 21:00:00;220.0;4.0;0.0
330020;12-03-2024 22:00:00;210.0;3.0;0.0
330020;12-03-2024 23:00:00;220.0;3.0;0.0
330020;13-03-2024 00:00:00;180.0;2.0;0.0
330020;13-03-2024 01:00:00;174.0;2.0;0.0
330020;13-03-2024 02:00:00;182.0;2.0;0.0
330020;13-03-2024 03:00:00;170.0;2.0;0.0
330020;13-03-2024 04:00:00;0.0;0.0;0.0
330020;13-03-2024 05:00:00;0.0;0.0;0.0
330020;13-03-2024 06:00:00;0.0;0.0;0.0
330020;13-03-2024 07:00:00;0.0;0.0;0.0
330020;13-03-2024 08:00:00;0.0;0.0;0.0
330020;13-03-2024 09:00:00;0.0;0.0;0.0
330020;13-03-2024 10:00:00;160.0;1.0;0.0
330020;13-03-2024 11:00:00;190.0;1.0;0.0
330020;13-03-2024 12:00:00;160.0;1.0;0.0
330020;13-03-2024 13:00:00;160.0;2.0;0.0
330020;13-03-2024 14:00:00;230.0;1.0;0.0
330020;13-03-2024 15:00:00;240.0;3.0;0.0
330020;13-03-2024 16:00:00;270.0;2.0;0.0
330020;13-03-2024 17:00:00;240.0;3.0;0.0
330020;13-03-2024 18:00:00;220.0;3.0;0.0
330020;13-03-2024 19:00:00;250.0;4.0;0.0
330020;13-03-2024 20:00:00;220.0;4.0;0.0
330020;13-03-2024 21:00:00;220.0;4.0;0.0
330020;13-03-2024 22:00:00;220.0;4.0;0.0
330020;13-03-2024 23:00:00;210.0;3.0;0.0
330020;14-03-2024 00:00:00;200.0;3.0;0.0
330020;14-03-2024 01:00:00;176.0;3.0;0.0
330020;14-03-2024 02:00:00;167.0;1.0;0.0
330020;14-03-2024 03:00:00;0.0;0.0;0.0
330020;14-03-2024 04:00:00;0.0;0.0;0.0
330020;14-03-2024 05:00:00;336.0;1.0;0.0
330020;14-03-2024 06:00:00;10.0;1.0;0.0
330020;14-03-2024 07:00:00;0.0;0.0;0.0
330020;14-03-2024 08:00:00;0.0;0.0;0.0
330020;14-03-2024 09:00:00;0.0;0.0;0.0
330020;14-03-2024 10:00:00;0.0;0.0;0.0
330020;14-03-2024 11:00:00;0.0;0.0;0.0
330020;14-03-2024 12:00:00;0.0;0.0;0.0
330020;14-03-2024 13:00:00;0.0;0.0;0.0
330020;14-03-2024 14:00:00;260.0;5.0;0.0
330020;14-03-2024 15:00:00;260.0;7.0;0.0
330020;14-03-2024 16:00:00;170.0;3.0;0.0
330020;14-03-2024 17:00:00;180.0;7.0;0.0
330020;14-03-2024 18:00:00;0.0;0.0;0.0
330020;14-03-2024 19:00:00;190.0;7.0;0.0
330020;14-03-2024 20:00:00;180.0;10.0;0.0
330020;14-03-2024 21:00:00;220.0;5.0;0.0
330020;14-03-2024 22:00:00;230.0;5.0;0.0
330020;14-03-2024 23:00:00;200.0;5.0;0.0
330020;15-03-2024 00:00:00;180.0;3.0;0.0
330020;15-03-2024 01:00:00;196.0;2.0;0.0
330020;15-03-2024 02:00:00;0.0;0.0;0.0
330020;15-03-2024 03:00:00;0.0;0.0;0.0
330020;15-03-2024 04:00:00;0.0;0.0;0.0
330020;15-03-2024 05:00:00;0.0;0.0;0.0
330020;15-03-2024 06:00:00;0.0;0.0;0.0
330020;15-03-2024 07:00:00;0.0;0.0;0.0
330020;15-03-2024 08:00:00;0.0;0.0;0.0
330020;15-03-2024 09:00:00;0.0;0.0;0.0
330020;15-03-2024 10:00:00;0.0;0.0;0.0
330020;15-03-2024 11:00:00;0.0;0.0;0.0
330020;15-03-2024 12:00:00;0.0;0.0;0.0
330020;15-03-2024 13:00:00;0.0;0.0;0.0
330020;15-03-2024 14:00:00;0.0;0.0;0.0
330020;15-03-2024 15:00:00;0.0;0.0;0.0
330020;15-03-2024 16:00:00;0.0;0.0;0.0
330020;15-03-2024 17:00:00;230.0;3.0;0.0
330020;15-03-2024 18:00:00;230.0;4.0;0.0
330020;15-03-2024 19:00:00;240.0;4.0;0.0
330020;15-03-2024 20:00:00;220.0;4.0;0.0
330020;15-03-2024 21:00:00;210.0;4.0;0.0
330020;15-03-2024 22:00:00;200.0;4.0;0.0
330020;15-03-2024 23:00:00;220.0;3.0;0.0
330020;16-03-2024 00:00:00;170.0;4.0;0.0
330020;16-03-2024 01:00:00;201.0;4.0;0.0
330020;16-03-2024 02:00:00;201.0;3.0;0.0
330020;16-03-2024 03:00:00;0.0;0.0;0.0
330020;16-03-2024 04:00:00;0.0;0.0;0.0
330020;16-03-2024 05:00:00;0.0;0.0;0.0
330020;16-03-2024 06:00:00;0.0;0.0;0.0
330020;16-03-2024 07:00:00;0.0;0.0;0.0
330020;16-03-2024 08:00:00;0.0;0.0;0.0
330020;16-03-2024 09:00:00;0.0;0.0;0.0
330020;16-03-2024 10:00:00;0.0;0.0;0.0
330020;16-03-2024 11:00:00;0.0;0.0;0.0
330020;16-03-2024 12:00:00;0.0;0.0;0.0
330020;16-03-2024 13:00:00;300.0;1.0;0.0
330020;16-03-2024 14:00:00;210.0;2.0;0.0
330020;16-03-2024 15:00:00;60.0;1.0;0.0
330020;16-03-2024 16:00:00;0.0;0.0;0.0
330020;16-03-2024 17:00:00;190.0;3.0;0.0
330020;16-03-2024 18:00:00;230.0;2.0;0.0
330020;16-03-2024 19:00:00;200.0;4.0;0.0
330020;16-03-2024 20:00:00;0.0;0.0;0.0
330020;16-03-2024 21:00:00;200.0;4.0;0.0
330020;16-03-2024 22:00:00;200.0;4.0;0.0
330020;16-03-2024 23:00:00;210.0;3.0;0.0
330020;17-03-2024 00:00:00;180.0;2.0;0.0
330020;17-03-2024 01:00:00;154.0;1.0;0.0
330020;17-03-2024 02:00:00;160.0;2.0;0.0
330020;17-03-2024 03:00:00;190.0;1.0;0.0
330020;17-03-2024 04:00:00;0.0;0.0;0.0
330020;17-03-2024 05:00:00;0.0;0.0;0.0
330020;17-03-2024 06:00:00;0.0;0.0;0.0
330020;17-03-2024 07:00:00;0.0;0.0;0.0
330020;17-03-2024 08:00:00;0.0;0.0;0.0
330020;17-03-2024 09:00:00;0.0;0.0;0.0
330020;17-03-2024 10:00:00;0.0;0.0;0.0
330020;17-03-2024 11:00:00;0.0;0.0;0.0
330020;17-03-2024 12:00:00;0.0;0.0;0.0
330020;17-03-2024 13:00:00;280.0;1.0;0.0
330020;17-03-2024 14:00:00;230.0;2.0;0.0
330020;17-03-2024 15:00:00;350.0;1.0;0.0
330020;17-03-2024 16:00:00;250.0;2.0;0.0
330020;17-03-2024 17:00:00;230.0;3.0;0.0
330020;17-03-2024 18:00:00;210.0;4.0;0.0
330020;17-03-2024 19:00:00;240.0;5.0;0.0
330020;17-03-2024 20:00:00;220.0;5.0;0.0
330020;17-03-2024 21:00:00;210.0;4.0;0.0
330020;17-03-2024 22:00:00;220.0;4.0;0.0
330020;17-03-2024 23:00:00;210.0;2.0;0.0
330020;18-03-2024 00:00:00;200.0;3.0;0.0
330020;18-03-2024 01:00:00;176.0;1.0;0.0
330020;18-03-2024 02:00:00;177.0;2.0;0.0
330020;18-03-2024 03:00:00;140.0;1.0;0.0
330020;18-03-2024 04:00:00;0.0;0.0;0.0
330020;18-03-2024 05:00:00;0.0;0.0;0.0
330020;18-03-2024 06:00:00;0.0;0.0;0.0
330020;18-03-2024 07:00:00;0.0;0.0;0.0
330020;18-03-2024 08:00:00;0.0;0.0;0.0
330020;18-03-2024 09:00:00;0.0;0.0;0.0
330020;18-03-2024 10:00:00;0.0;0.0;0.0
330020;18-03-2024 11:00:00;0.0;0.0;0.0
330020;18-03-2024 12:00:00;0.0;0.0;0.0
330020;18-03-2024 13:00:00;0.0;0.0;0.0
330020;18-03-2024 14:00:00;0.0;0.0;0.0
330020;18-03-2024 15:00:00;270.0;3.0;0.0
330020;18-03-2024 16:00:00;180.0;2.0;0.0
330020;18-03-2024 17:00:00;0.0;0.0;0.0
330020;18-03-2024 18:00:00;200.0;7.0;0.0
330020;18-03-2024 19:00:00;180.0;5.0;0.0
330020;18-03-2024 20:00:00;190.0;3.0;0.0
330020;18-03-2024 21:00:00;170.0;11.0;0.0
330020;18-03-2024 22:00:00;190.0;5.0;0.0
330020;18-03-2024 23:00:00;180.0;5.0;0.0
330020;19-03-2024 00:00:00;190.0;3.0;0.0
330020;19-03-2024 01:00:00;126.0;1.0;0.0
330020;19-03-2024 02:00:00;0.0;0.0;0.0
330020;19-03-2024 03:00:00;170.0;5.0;0.0
330020;19-03-2024 04:00:00;0.0;0.0;0.0
330020;19-03-2024 05:00:00;0.0;0.0;0.0
330020;19-03-2024 06:00:00;0.0;0.0;0.0
330020;19-03-2024 07:00:00;0.0;0.0;0.0
330020;19-03-2024 08:00:00;0.0;0.0;0.0
330020;19-03-2024 09:00:00;0.0;0.0;0.0
330020;19-03-2024 10:00:00;0.0;0.0;0.0
330020;19-03-2024 11:00:00;0.0;0.0;0.0
330020;19-03-2024 12:00:00;0.0;0.0;0.0
330020;19-03-2024 13:00:00;0.0;0.0;0.0
330020;19-03-2024 14:00:00;0.0;0.0;0.0
330020;19-03-2024 15:00:00;0.0;0.0;0.0
330020;19-03-2024 16:00:00;240.0;3.0;0.0
330020;19-03-2024 17:00:00;220.0;4.0;0.0
330020;19-03-2024 18:00:00;210.0;6.0;0.0
330020;19-03-2024 19:00:00;200.0;5.0;0.0
330020;19-03-2024 20:00:00;220.0;4.0;0.0
330020;19-03-2024 21:00:00;230.0;5.0;0.0
330020;19-03-2024 22:00:00;0.0;0.0;0.0
330020;19-03-2024 23:00:00;190.0;3.0;0.0
330020;20-03-2024 00:00:00;190.0;3.0;0.0
330020;20-03-2024 01:00:00;0.0;0.0;0.0
330020;20-03-2024 02:00:00;196.0;2.0;0.0
330020;20-03-2024 03:00:00;0.0;0.0;0.0
330020;20-03-2024 04:00:00;195.0;3.0;0.0
330020;20-03-2024 05:00:00;163.0;1.0;0.0
330020;20-03-2024 06:00:00;0.0;0.0;0.0
330020;20-03-2024 07:00:00;252.0;1.0;0.0
330020;20-03-2024 08:00:00;246.0;1.0;0.0
330020;20-03-2024 09:00:00;0.0;0.0;0.0
330020;20-03-2024 10:00:00;0.0;0.0;0.0
330020;20-03-2024 11:00:00;0.0;0.0;0.0
330020;20-03-2024 12:00:00;130.0;1.0;0.0
330020;20-03-2024 13:00:00;250.0;1.0;0.0
330020;20-03-2024 14:00:00;180.0;3.0;0.0
330020;20-03-2024 15:00:00;210.0;3.0;0.0
330020;20-03-2024 16:00:00;200.0;3.0;0.0
330020;20-03-2024 17:00:00;230.0;3.0;0.0
330020;20-03-2024 18:00:00;210.0;3.0;0.0
330020;20-03-2024 19:00:00;170.0;3.0;0.0
330020;20-03-2024 20:00:00;200.0;2.0;0.0
330020;20-03-2024 21:00:00;200.0;2.0;0.0
330020;20-03-2024 22:00:00;180.0;2.0;0.0
330020;20-03-2024 23:00:00;180.0;2.0;0.0
330020;21-03-2024 00:00:00;170.0;3.0;0.0
330020;21-03-2024 01:00:00;184.0;1.0;0.0
330020;21-03-2024 02:00:00;165.0;2.0;0.0
330020;21-03-2024 03:00:00;140.0;1.0;0.0
330020;21-03-2024 04:00:00;298.0;1.0;0.0
330020;21-03-2024 05:00:00;301.0;2.0;0.0
330020;21-03-2024 06:00:00;0.0;0.0;0.0
330020;21-03-2024 07:00:00;0.0;0.0;0.0
